Workbook

Sheet Summary
A1: Sanatan app: animated icon checklist
A3: Group | B3: Total | C3: Done | D3: Left | E3: % done
A4: App identity | B4: =COUNTIF(Icons!$C$2:$C$55,A4) | C4: =COUNTIFS(Icons!$C$2:$C$55,A4,Icons!$B$2:$B$55,"Yes") | D4: =B4-C4 | E4: =IF(B4=0,0,C4/B4)
A5: Home sections | B5: =COUNTIF(Icons!$C$2:$C$55,A5) | C5: =COUNTIFS(Icons!$C$2:$C$55,A5,Icons!$B$2:$B$55,"Yes") | D5: =B5-C5 | E5: =IF(B5=0,0,C5/B5)
A6: Header and controls | B6: =COUNTIF(Icons!$C$2:$C$55,A6) | C6: =COUNTIFS(Icons!$C$2:$C$55,A6,Icons!$B$2:$B$55,"Yes") | D6: =B6-C6 | E6: =IF(B6=0,0,C6/B6)
A7: Feedback | B7: =COUNTIF(Icons!$C$2:$C$55,A7) | C7: =COUNTIFS(Icons!$C$2:$C$55,A7,Icons!$B$2:$B$55,"Yes") | D7: =B7-C7 | E7: =IF(B7=0,0,C7/B7)
A8: Content chips | B8: =COUNTIF(Icons!$C$2:$C$55,A8) | C8: =COUNTIFS(Icons!$C$2:$C$55,A8,Icons!$B$2:$B$55,"Yes") | D8: =B8-C8 | E8: =IF(B8=0,0,C8/B8)
A9: Rewards | B9: =COUNTIF(Icons!$C$2:$C$55,A9) | C9: =COUNTIFS(Icons!$C$2:$C$55,A9,Icons!$B$2:$B$55,"Yes") | D9: =B9-C9 | E9: =IF(B9=0,0,C9/B9)
A10: Empty and system | B10: =COUNTIF(Icons!$C$2:$C$55,A10) | C10: =COUNTIFS(Icons!$C$2:$C$55,A10,Icons!$B$2:$B$55,"Yes") | D10: =B10-C10 | E10: =IF(B10=0,0,C10/B10)
A11: Total | B11: =SUM(B4:B10) | C11: =SUM(C4:C10) | D11: =SUM(D4:D10) | E11: =IF(B11=0,0,C11/B11)
A13: How to make each icon:
A14: 1. Copy "Step 1" prompt into Gemini / Google Flow and make a still picture. Keep the same style for all icons.
A15: 2. Remove the white background (Canva or Photoshop "remove background") so the icon is transparent.
A16: 3. If column I/J says there is an animation, give the picture to Flow/Veo with the "Step 2" prompt (2 second loop).
A17: 4. Save as the file name in column D (png for stills, webm or lottie json for animations) and mark Done = Yes.
A18: Tip: UI chrome icons (arrows, close, zoom, pause) can also be drawn as light animated SVG by the developer. Ask if you want that instead of AI pictures.

Sheet Icons
A1: # | B1: Done? | C1: Group | D1: Icon file name | E1: Icon | F1: Used where | G1: Final size | H1: Format | I1: Idle loop animation | J1: Tap animation | K1: Step 1: picture prompt (Gemini / Flow) | L1: Step 2: animation prompt (Flow / video)
A2: 1 | B2: No | C2: App identity | D2: art/icons/app-icon | E2: App icon (installed app) | F2: Phone home screen / PWA icon 192 and 512 | G2: 512x512 + 192x192 | H2: PNG (static) | I2: none (static) | J2: none | K2: 3D animated cartoon app icon, glossy rounded Pixar-style render, soft rim light, rich saturated colours, warm Indian Sanatan Dharma theme (gold, saffron, deep indigo, lotus pink), single centred subject filling ~80% of a square frame, plain pure white background (for easy background removal), soft contact shadow, no text, no letters, no watermark, 1:1, 1024x1024. Subject: a golden glowing Om symbol sitting in the centre of an open pink lotus, a small lit diya on each side, deep indigo rounded-square badge behind. | L2: Static icon: no animation needed.
A3: 2 | B3: No | C3: App identity | D3: art/icons/app-icon-maskable | E3: App icon (maskable, safe zone) | F3: Android adaptive icon | G3: 512x512 (subject inside the central 70%) | H3: PNG (static) | I3: none | J3: none | K3: 3D animated cartoon app icon, glossy rounded Pixar-style render, soft rim light, rich saturated colours, warm Indian Sanatan Dharma theme (gold, saffron, deep indigo, lotus pink), single centred subject filling ~80% of a square frame, plain pure white background (for easy background removal), soft contact shadow, no text, no letters, no watermark, 1:1, 1024x1024. Subject: the same golden Om on a lotus, but smaller, on a full-bleed deep indigo square so edges can be cropped. | L3: Static icon: no animation needed.
A4: 3 | B4: No | C4: App identity | D4: art/icons/favicon | E4: Browser tab icon | F4: Browser tab / bookmarks | G4: 32x32 and 64x64 | H4: PNG + ICO | I4: none | J4: none | K4: 3D animated cartoon app icon, glossy rounded Pixar-style render, soft rim light, rich saturated colours, warm Indian Sanatan Dharma theme (gold, saffron, deep indigo, lotus pink), single centred subject filling ~80% of a square frame, plain pure white background (for easy background removal), soft contact shadow, no text, no letters, no watermark, 1:1, 1024x1024. Subject: a very simple bold golden Om on an indigo circle, readable at tiny size. | L4: Static icon: no animation needed.
A5: 4 | B5: No | C5: App identity | D5: art/icons/splash-loader | E5: Opening / loading screen | F5: While the app starts | G5: 512x512 | H5: Lottie or WebM loop | I5: the Om glows and pulses softly while a ring of small diyas lights up one by one around it | J5: none | K5: 3D animated cartoon app icon, glossy rounded Pixar-style render, soft rim light, rich saturated colours, warm Indian Sanatan Dharma theme (gold, saffron, deep indigo, lotus pink), single centred subject filling ~80% of a square frame, plain pure white background (for easy background removal), soft contact shadow, no text, no letters, no watermark, 1:1, 1024x1024. Subject: a large glowing golden Om inside a ring of eight tiny diyas. | L5: Animate this icon as a seamless 2-second loop at 24 fps, camera locked, background stays plain white, only the subject moves. the Om glows and pulses softly while a ring of small diyas lights up one by one around it
A6: 5 | B6: No | C6: App identity | D6: art/icons/cover-logo | E6: Cover logo | F6: Top of the home screen | G6: 768x384 | H6: PNG or Lottie | I6: soft golden shimmer sweeping across, lotus petals gently opening and closing | J6: tap: a small burst of flower petals | K6: 3D animated cartoon app icon, glossy rounded Pixar-style render, soft rim light, rich saturated colours, warm Indian Sanatan Dharma theme (gold, saffron, deep indigo, lotus pink), single centred subject filling ~80% of a square frame, plain pure white background (for easy background removal), soft contact shadow, no text, no letters, no watermark, 1:1, 1024x1024. Subject: an open lotus holding a glowing Om, with a peacock feather on each side. | L6: Animate this icon as a seamless 2-second loop at 24 fps, camera locked, background stays plain white, only the subject moves. soft golden shimmer sweeping across, lotus petals gently opening and closing Separate one-shot version: tap: a small burst of flower petals
A7: 6 | B7: No | C7: Home sections | D7: art/icons/sec-akshar-gu | E7: Gujarati letters | F7: Home tile | G7: 512x512 | H7: Lottie / WebM loop | I7: the Gujarati letter અ gently floats up and down with tiny sparkles around it | J7: tap: letter does a happy bounce | K7: 3D animated cartoon app icon, glossy rounded Pixar-style render, soft rim light, rich saturated colours, warm Indian Sanatan Dharma theme (gold, saffron, deep indigo, lotus pink), single centred subject filling ~80% of a square frame, plain pure white background (for easy background removal), soft contact shadow, no text, no letters, no watermark, 1:1, 1024x1024. Subject: a big chunky 3D golden Gujarati letter અ standing on a little lotus pad. | L7: Animate this icon as a seamless 2-second loop at 24 fps, camera locked, background stays plain white, only the subject moves. the Gujarati letter અ gently floats up and down with tiny sparkles around it Separate one-shot version: tap: letter does a happy bounce
A8: 7 | B8: No | C8: Home sections | D8: art/icons/sec-akshar-hi | E8: Hindi letters | F8: Home tile | G8: 512x512 | H8: Lottie / WebM loop | I8: the Devanagari letter अ floats gently, sparkles twinkle | J8: tap: bounce | K8: 3D animated cartoon app icon, glossy rounded Pixar-style render, soft rim light, rich saturated colours, warm Indian Sanatan Dharma theme (gold, saffron, deep indigo, lotus pink), single centred subject filling ~80% of a square frame, plain pure white background (for easy background removal), soft contact shadow, no text, no letters, no watermark, 1:1, 1024x1024. Subject: a big chunky 3D golden Devanagari letter अ standing on a little lotus pad. | L8: Animate this icon as a seamless 2-second loop at 24 fps, camera locked, background stays plain white, only the subject moves. the Devanagari letter अ floats gently, sparkles twinkle Separate one-shot version: tap: bounce
A9: 8 | B9: No | C9: Home sections | D9: art/icons/sec-numbers | E9: Numbers | F9: Home tile | G9: 512x512 | H9: Lottie / WebM loop | I9: the numbers 1, 2 and 3 pop up one after another like a counting game, then settle | J9: tap: all three jump | K9: 3D animated cartoon app icon, glossy rounded Pixar-style render, soft rim light, rich saturated colours, warm Indian Sanatan Dharma theme (gold, saffron, deep indigo, lotus pink), single centred subject filling ~80% of a square frame, plain pure white background (for easy background removal), soft contact shadow, no text, no letters, no watermark, 1:1, 1024x1024. Subject: three chunky 3D numbers 1 2 3 made of polished saffron and gold beside a small japa mala. | L9: Animate this icon as a seamless 2-second loop at 24 fps, camera locked, background stays plain white, only the subject moves. the numbers 1, 2 and 3 pop up one after another like a counting game, then settle Separate one-shot version: tap: all three jump
A10: 9 | B10: No | C10: Home sections | D10: art/icons/sec-deities | E10: Gods and Goddesses | F10: Home tile | G10: 512x512 | H10: Lottie / WebM loop | I10: a soft halo of light rotates behind the trishul and damru, tiny stars twinkle | J10: tap: damru shakes with a little sparkle burst | K10: 3D animated cartoon app icon, glossy rounded Pixar-style render, soft rim light, rich saturated colours, warm Indian Sanatan Dharma theme (gold, saffron, deep indigo, lotus pink), single centred subject filling ~80% of a square frame, plain pure white background (for easy background removal), soft contact shadow, no text, no letters, no watermark, 1:1, 1024x1024. Subject: a 3D trishul with a small damru and a lotus, glowing halo behind (no human or deity face). | L10: Animate this icon as a seamless 2-second loop at 24 fps, camera locked, background stays plain white, only the subject moves. a soft halo of light rotates behind the trishul and damru, tiny stars twinkle Separate one-shot version: tap: damru shakes with a little sparkle burst
A11: 10 | B11: No | C11: Home sections | D11: art/icons/sec-avatars | E11: Dashavatar | F11: Home tile | G11: 512x512 | H11: Lottie / WebM loop | I11: the Sudarshan chakra slowly spins while a small golden fish and a conch circle around it | J11: tap: chakra spins fast once | K11: 3D animated cartoon app icon, glossy rounded Pixar-style render, soft rim light, rich saturated colours, warm Indian Sanatan Dharma theme (gold, saffron, deep indigo, lotus pink), single centred subject filling ~80% of a square frame, plain pure white background (for easy background removal), soft contact shadow, no text, no letters, no watermark, 1:1, 1024x1024. Subject: a glowing golden Sudarshan chakra with a conch shell and a small golden fish beside it. | L11: Animate this icon as a seamless 2-second loop at 24 fps, camera locked, background stays plain white, only the subject moves. the Sudarshan chakra slowly spins while a small golden fish and a conch circle around it Separate one-shot version: tap: chakra spins fast once
A12: 11 | B12: No | C12: Home sections | D12: art/icons/sec-abcd | E12: Sanatan A to Z book | F12: Home tile | G12: 512x512 | H12: Lottie / WebM loop | I12: an open storybook, pages flutter gently and golden letters A B C float up from it | J12: tap: pages flip once | K12: 3D animated cartoon app icon, glossy rounded Pixar-style render, soft rim light, rich saturated colours, warm Indian Sanatan Dharma theme (gold, saffron, deep indigo, lotus pink), single centred subject filling ~80% of a square frame, plain pure white background (for easy background removal), soft contact shadow, no text, no letters, no watermark, 1:1, 1024x1024. Subject: an open colourful storybook with floating 3D letters A B C and a small diya on top. | L12: Animate this icon as a seamless 2-second loop at 24 fps, camera locked, background stays plain white, only the subject moves. an open storybook, pages flutter gently and golden letters A B C float up from it Separate one-shot version: tap: pages flip once
A13: 12 | B13: No | C13: Home sections | D13: art/icons/sec-sanskrit | E13: Sanskrit (coming soon) | F13: Home tile | G13: 512x512 | H13: Lottie / WebM loop | I13: a lotus bud slowly opens a little and closes again | J13: tap: tiny wobble | K13: 3D animated cartoon app icon, glossy rounded Pixar-style render, soft rim light, rich saturated colours, warm Indian Sanatan Dharma theme (gold, saffron, deep indigo, lotus pink), single centred subject filling ~80% of a square frame, plain pure white background (for easy background removal), soft contact shadow, no text, no letters, no watermark, 1:1, 1024x1024. Subject: a closed pink lotus bud over an old palm-leaf manuscript with a golden Om. | L13: Animate this icon as a seamless 2-second loop at 24 fps, camera locked, background stays plain white, only the subject moves. a lotus bud slowly opens a little and closes again Separate one-shot version: tap: tiny wobble
... A55: 54 | B55: No | C55: Empty and system | D55: art/icons/sys-empty | E55: Nothing here yet | F55: Empty lists | G55: 256x256 | H55: Lottie / PNG | I55: a lotus bud sways | J55: none | K55: 3D animated cartoon app icon, glossy rounded Pixar-style render, soft rim light, rich saturated colours, warm Indian Sanatan Dharma theme (gold, saffron, deep indigo, lotus pink), single centred subject filling ~80% of a square frame, plain pure white background (for easy background removal), soft contact shadow, no text, no letters, no watermark, 1:1, 1024x1024. Subject: a closed lotus bud on a small leaf. | L55: Animate this icon as a seamless 2-second loop at 24 fps, camera locked, background stays plain white, only the subject moves. a lotus bud sways
