Workbook

Sheet Summary
A1: Sanatan app: image checklist
A2: Set "Done?" to Yes on each section sheet after the picture is made and uploaded in studio.html. Totals update automatically.
A4: Section | B4: Total | C4: Done | D4: Left | E4: % done
A5: A-Z Stories | B5: =COUNTA('A-Z Stories'!D2:D132) | C5: =COUNTIF('A-Z Stories'!B2:B132,"Yes") | D5: =B5-C5 | E5: =IF(B5=0,0,C5/B5)
A6: Gujarati Akshar | B6: =COUNTA('Gujarati Akshar'!D2:D48) | C6: =COUNTIF('Gujarati Akshar'!B2:B48,"Yes") | D6: =B6-C6 | E6: =IF(B6=0,0,C6/B6)
A7: Hindi Akshar | B7: =COUNTA('Hindi Akshar'!D2:D48) | C7: =COUNTIF('Hindi Akshar'!B2:B48,"Yes") | D7: =B7-C7 | E7: =IF(B7=0,0,C7/B7)
A8: Numbers | B8: =COUNTA('Numbers'!D2:D14) | C8: =COUNTIF('Numbers'!B2:B14,"Yes") | D8: =B8-C8 | E8: =IF(B8=0,0,C8/B8)
A9: Deities | B9: =COUNTA('Deities'!D2:D37) | C9: =COUNTIF('Deities'!B2:B37,"Yes") | D9: =B9-C9 | E9: =IF(B9=0,0,C9/B9)
A10: Dashavatar | B10: =COUNTA('Dashavatar'!D2:D31) | C10: =COUNTIF('Dashavatar'!B2:B31,"Yes") | D10: =B10-C10 | E10: =IF(B10=0,0,C10/B10)
A11: Total | B11: =SUM(B5:B10) | C11: =SUM(C5:C10) | D11: =SUM(D5:D10) | E11: =IF(B11=0,0,C11/B11)
A14: How to work
A15: 1. For scene stories, make scene 1 first and attach it as the reference for scenes 2, 3, ...
A16: 2. Copy the prompt from column F, paste into Google Flow / Gemini, generate the picture (16:9).
A17: 3. Upload it in studio.html (it saves as webp with the right name). Mark Done = Yes here.
A18: 4. Download the ZIP from studio.html and send it back.

Sheet A-Z Stories
A1: # | B1: Done? | C1: Label | D1: Save as (file name) | E1: Reference first? | F1: Prompt (copy into Google Flow / Gemini)
A2: 1 | B2: No | C2: A/1 — Arjun · curious-happy | D2: art/scenes/A/1.webp | F2: 3D animated cartoon style, like a Pixar-quality children's movie still: big expressive eyes, soft rounded shapes, warm cinematic lighting, rich saturated colours, vibrant Indian heritage setting (temples, forts, forests, palaces). Setting: sunny royal garden of the Hastinapur palace, marble pillars, lotus pond, peacocks walking by. Characters — Arjun: handsome Indian prince, medium-brown skin, large expressive dark eyes, curly shoulder-length black hair half tied up, small gold crown (mukut) with one peacock feather, golden-yellow dhoti with a maroon sash, gold armlets and a pearl necklace, carries the golden bow Gandiva decorated with peacock-feather patterns. As a child (age 8): same face, round cheeks, hair in a small topknot, simple yellow dhoti, a tiny wooden bow. Kunti: gentle royal mother, warm kind eyes, white and soft-pink saree with a gold border, a light veil over her head, simple gold jewellery. Action: child Arjun (age 8) proudly holds up his tiny wooden bow with an arrow, standing on tiptoe; Mother Kunti watches him from a garden bench with a loving smile. Expressions: bright wide smile, sparkling eyes full of dreams. Camera: wide establishing shot, eye level. Landscape 16:9, 2816x1536 px. NO text, NO captions, NO letters, NO watermark, no logo. Child-friendly: no blood, no gore, no frightening faces. Battle scenes show only calm tension, never violence.
A3: 2 | B3: No | C3: A/2 — Arjun · determined-respectful | D3: art/scenes/A/2.webp | E3: Use art/scenes/A/1.webp | F3: 3D animated cartoon style, like a Pixar-quality children's movie still: big expressive eyes, soft rounded shapes, warm cinematic lighting, rich saturated colours, vibrant Indian heritage setting (temples, forts, forests, palaces). Setting: open-air gurukul training ground at sunrise, a banyan tree, archery targets, other young princes practising in the soft background. Characters — Arjun: handsome Indian prince, medium-brown skin, large expressive dark eyes, curly shoulder-length black hair half tied up, small gold crown (mukut) with one peacock feather, golden-yellow dhoti with a maroon sash, gold armlets and a pearl necklace, carries the golden bow Gandiva decorated with peacock-feather patterns. As a child (age 8): same face, round cheeks, hair in a small topknot, simple yellow dhoti, a tiny wooden bow. Dronacharya: dignified elderly teacher, white beard and moustache, topknot, saffron robe with a white shawl, rudraksha beads, kind but stern eyes, holds a long bow. Action: teenage Arjun (age 14) bows respectfully with folded hands in front of Dronacharya, who places a blessing hand on his head. Expressions: Arjun: humble, eager eyes; Dronacharya: warm approving smile. Camera: medium two-shot, slightly low angle, golden sunrise rim light. Landscape 16:9, 2816x1536 px. NO text, NO captions, NO letters, NO watermark, no logo. Child-friendly: no blood, no gore, no frightening faces. Battle scenes show only calm tension, never violence. Keep each character's face, hair, clothes and colours EXACTLY the same as in scene 1 of this story (use the scene 1 image as the reference image for every later scene).
A4: 3 | B4: No | C4: A/3 — Arjun · laser-focus-triumphant | D4: art/scenes/A/3.webp | E4: Use art/scenes/A/1.webp | F4: 3D animated cartoon style, like a Pixar-quality children's movie still: big expressive eyes, soft rounded shapes, warm cinematic lighting, rich saturated colours, vibrant Indian heritage setting (temples, forts, forests, palaces). Setting: forest clearing, a tall tree with a small wooden bird on a far branch in sharp focus, other students blurred in the background, golden morning light. Characters — Arjun: handsome Indian prince, medium-brown skin, large expressive dark eyes, curly shoulder-length black hair half tied up, small gold crown (mukut) with one peacock feather, golden-yellow dhoti with a maroon sash, gold armlets and a pearl necklace, carries the golden bow Gandiva decorated with peacock-feather patterns. As a child (age 8): same face, round cheeks, hair in a small topknot, simple yellow dhoti, a tiny wooden bow. Dronacharya: dignified elderly teacher, white beard and moustache, topknot, saffron robe with a white shawl, rudraksha beads, kind but stern eyes, holds a long bow. Action: Arjun (age 14) draws his bow fully, arrow aimed at the wooden bird's eye; Dronacharya stands a little behind him watching. Expressions: Arjun: eyes narrowed, calm laser-sharp concentration; Dronacharya: proud, hopeful smile. Camera: close side-profile of Arjun's face and bow, shallow depth of field, the bird glowing in the distance. Landscape 16:9, 2816x1536 px. NO text, NO captions, NO letters, NO watermark, no logo. Child-friendly: no blood, no gore, no frightening faces. Battle scenes show only calm tension, never violence. Keep each character's face, hair, clothes and colours EXACTLY the same as in scene 1 of this story (use the scene 1 image as the reference image for every later scene).
A5: 4 | B5: No | C5: A/4 — Arjun · proud-confident | D5: art/scenes/A/4.webp | E5: Use art/scenes/A/1.webp | F5: 3D animated cartoon style, like a Pixar-quality children's movie still: big expressive eyes, soft rounded shapes, warm cinematic lighting, rich saturated colours, vibrant Indian heritage setting (temples, forts, forests, palaces). Setting: grand royal swayamvara hall of Panchala with golden pillars, flower garlands, cheering kings; a golden spinning fish target high above and a bowl of water below it. Characters — Arjun: handsome Indian prince, medium-brown skin, large expressive dark eyes, curly shoulder-length black hair half tied up, small gold crown (mukut) with one peacock feather, golden-yellow dhoti with a maroon sash, gold armlets and a pearl necklace, carries the golden bow Gandiva decorated with peacock-feather patterns. As a child (age 8): same face, round cheeks, hair in a small topknot, simple yellow dhoti, a tiny wooden bow. Draupadi: graceful princess in a red and gold bridal saree, long black hair with flowers, a flower garland in her hands, dignified calm smile. Action: young adult Arjun in a tall confident stance has just released an arrow upward, the arrow flying toward the spinning golden fish; Draupadi watches from the side holding a flower garland. Expressions: Arjun: calm confident smile; Draupadi: delighted wonder. Camera: low-angle heroic shot looking up toward the arrow and fish, sparkles in the air. Landscape 16:9, 2816x1536 px. NO text, NO captions, NO letters, NO watermark, no logo. Child-friendly: no blood, no gore, no frightening faces. Battle scenes show only calm tension, never violence. Keep each character's face, hair, clothes and colours EXACTLY the same as in scene 1 of this story (use the scene 1 image as the reference image for every later scene).
A6: 5 | B6: No | C6: A/5 — Arjun · sad-confused | D6: art/scenes/A/5.webp | E6: Use art/scenes/A/1.webp | F6: 3D animated cartoon style, like a Pixar-quality children's movie still: big expressive eyes, soft rounded shapes, warm cinematic lighting, rich saturated colours, vibrant Indian heritage setting (temples, forts, forests, palaces). Setting: the vast field of Kurukshetra at dawn under a hazy orange sky, two distant armies as calm silhouettes with banners, a grand golden chariot with four white horses in the foreground. Characters — Arjun: handsome Indian prince, medium-brown skin, large expressive dark eyes, curly shoulder-length black hair half tied up, small gold crown (mukut) with one peacock feather, golden-yellow dhoti with a maroon sash, gold armlets and a pearl necklace, carries the golden bow Gandiva decorated with peacock-feather patterns. As a child (age 8): same face, round cheeks, hair in a small topknot, simple yellow dhoti, a tiny wooden bow. Krishna: blue-skinned Lord Krishna, gentle smile, large lotus-shaped eyes, golden crown with a peacock feather, yellow pitambar dhoti, flower garland, gold ornaments, a bamboo flute. As a child (age 5): same face, round cheeks, small peacock feather, butter on his cheeks. As charioteer he holds the reins of four white horses. Action: Arjun sits down slumped on the chariot floor, his golden bow resting on the ground beside him; Krishna, the charioteer, turns toward him with a gentle caring look. Expressions: Arjun: sad, teary, lost; Krishna: calm, kind, reassuring. Camera: medium shot from the side of the chariot, soft misty light, no violence shown. Landscape 16:9, 2816x1536 px. NO text, NO captions, NO letters, NO watermark, no logo. Child-friendly: no blood, no gore, no frightening faces. Battle scenes show only calm tension, never violence. Keep each character's face, hair, clothes and colours EXACTLY the same as in scene 1 of this story (use the scene 1 image as the reference image for every later scene).
A7: 6 | B7: No | C7: A/6 — Arjun · inspired-resolute | D7: art/scenes/A/6.webp | E7: Use art/scenes/A/1.webp | F7: 3D animated cartoon style, like a Pixar-quality children's movie still: big expressive eyes, soft rounded shapes, warm cinematic lighting, rich saturated colours, vibrant Indian heritage setting (temples, forts, forests, palaces). Setting: the same Kurukshetra chariot, now with golden sunrise rays breaking through the clouds, a soft divine glow around the chariot. Characters — Arjun: handsome Indian prince, medium-brown skin, large expressive dark eyes, curly shoulder-length black hair half tied up, small gold crown (mukut) with one peacock feather, golden-yellow dhoti with a maroon sash, gold armlets and a pearl necklace, carries the golden bow Gandiva decorated with peacock-feather patterns. As a child (age 8): same face, round cheeks, hair in a small topknot, simple yellow dhoti, a tiny wooden bow. Krishna: blue-skinned Lord Krishna, gentle smile, large lotus-shaped eyes, golden crown with a peacock feather, yellow pitambar dhoti, flower garland, gold ornaments, a bamboo flute. As a child (age 5): same face, round cheeks, small peacock feather, butter on his cheeks. As charioteer he holds the reins of four white horses. Action: Krishna points gently toward the sky while speaking; Arjun stands tall in the chariot lifting his golden Gandiva bow again with a firm grip. Expressions: Arjun: calm, bright, determined; Krishna: loving, wise smile. Camera: heroic wide shot from slightly below, warm glowing light, golden dust sparkles. Landscape 16:9, 2816x1536 px. NO text, NO captions, NO letters, NO watermark, no logo. Child-friendly: no blood, no gore, no frightening faces. Battle scenes show only calm tension, never violence. Keep each character's face, hair, clothes and colours EXACTLY the same as in scene 1 of this story (use the scene 1 image as the reference image for every later scene).
A8: 7 | B8: No | C8: B/1 — Bhishma Pitamah · proud-happy | D8: art/scenes/B/1.webp | F8: 3D animated cartoon style, like a Pixar-quality children's movie still: big expressive eyes, soft rounded shapes, warm cinematic lighting, rich saturated colours, vibrant Indian heritage setting (temples, forts, forests, palaces). Setting: royal palace of Hastinapur, grand courtyard with marble pillars and a river view, morning light. Characters — Bhishma Pitamah: tall majestic elderly warrior-sage, long white beard and white hair, maroon and gold armour with a white shawl, a long bow, calm noble face. As a young prince Devavrata (age 16): same face without beard, black hair, simple royal clothes. Action: young prince Devavrata (age 16) proudly practises with a bow in the courtyard while King Shantanu watches lovingly from a balcony. Expressions: Devavrata: bright, confident smile; King Shantanu: proud and loving. Camera: wide shot, slightly low angle. Landscape 16:9, 2816x1536 px. NO text, NO captions, NO letters, NO watermark, no logo. Child-friendly: no blood, no gore, no frightening faces. Battle scenes show only calm tension, never violence.
A9: 8 | B9: No | C9: B/2 — Bhishma Pitamah · thoughtful-caring | D9: art/scenes/B/2.webp | E9: Use art/scenes/B/1.webp | F9: 3D animated cartoon style, like a Pixar-quality children's movie still: big expressive eyes, soft rounded shapes, warm cinematic lighting, rich saturated colours, vibrant Indian heritage setting (temples, forts, forests, palaces). Setting: a peaceful river bank in the evening with fishing boats, and the palace far away. Characters — Bhishma Pitamah: tall majestic elderly warrior-sage, long white beard and white hair, maroon and gold armour with a white shawl, a long bow, calm noble face. As a young prince Devavrata (age 16): same face without beard, black hair, simple royal clothes. Action: Devavrata gently asks his sad father what is wrong; Shantanu looks down at the river; the fisher-chief and Satyavati wait in the background. Expressions: Devavrata: caring, concerned; Shantanu: quietly sad. Camera: medium shot at eye level, soft evening light. Landscape 16:9, 2816x1536 px. NO text, NO captions, NO letters, NO watermark, no logo. Child-friendly: no blood, no gore, no frightening faces. Battle scenes show only calm tension, never violence. Keep each character's face, hair, clothes and colours EXACTLY the same as in scene 1 of this story (use the scene 1 image as the reference image for every later scene).
A10: 9 | B10: No | C10: B/3 — Bhishma Pitamah · noble-resolute | D10: art/scenes/B/3.webp | E10: Use art/scenes/B/1.webp | F10: 3D animated cartoon style, like a Pixar-quality children's movie still: big expressive eyes, soft rounded shapes, warm cinematic lighting, rich saturated colours, vibrant Indian heritage setting (temples, forts, forests, palaces). Setting: a riverside court gathering under a big tree, flower petals falling from the sky, golden afternoon light. Characters — Bhishma Pitamah: tall majestic elderly warrior-sage, long white beard and white hair, maroon and gold armour with a white shawl, a long bow, calm noble face. As a young prince Devavrata (age 16): same face without beard, black hair, simple royal clothes. Action: Devavrata stands tall with one hand raised in promise, while onlookers gasp and flower petals fall from above. Expressions: Devavrata: calm, firm and selfless; onlookers: amazed. Camera: heroic low-angle medium shot, falling petals in the foreground. Landscape 16:9, 2816x1536 px. NO text, NO captions, NO letters, NO watermark, no logo. Child-friendly: no blood, no gore, no frightening faces. Battle scenes show only calm tension, never violence. Keep each character's face, hair, clothes and colours EXACTLY the same as in scene 1 of this story (use the scene 1 image as the reference image for every later scene).
A11: 10 | B11: No | C11: B/4 — Bhishma Pitamah · peaceful-protective | D11: art/scenes/B/4.webp | E11: Use art/scenes/B/1.webp | F11: 3D animated cartoon style, like a Pixar-quality children's movie still: big expressive eyes, soft rounded shapes, warm cinematic lighting, rich saturated colours, vibrant Indian heritage setting (temples, forts, forests, palaces). Setting: Hastinapur royal courtyard in the morning, young Pandava and Kaurava princes playing around. Characters — Bhishma Pitamah: tall majestic elderly warrior-sage, long white beard and white hair, maroon and gold armour with a white shawl, a long bow, calm noble face. As a young prince Devavrata (age 16): same face without beard, black hair, simple royal clothes. Action: elderly Bhishma with a white beard smilingly watches the children and gently places a hand on a small prince's shoulder. Expressions: Bhishma: warm, wise, protective smile; children: happy. Camera: medium shot with warm morning backlight. Landscape 16:9, 2816x1536 px. NO text, NO captions, NO letters, NO watermark, no logo. Child-friendly: no blood, no gore, no frightening faces. Battle scenes show only calm tension, never violence. Keep each character's face, hair, clothes and colours EXACTLY the same as in scene 1 of this story (use the scene 1 image as the reference image for every later scene).
A12: 11 | B12: No | C12: B/5 — Bhishma Pitamah · serene-wise | D12: art/scenes/B/5.webp | E12: Use art/scenes/B/1.webp | F12: 3D animated cartoon style, like a Pixar-quality children's movie still: big expressive eyes, soft rounded shapes, warm cinematic lighting, rich saturated colours, vibrant Indian heritage setting (temples, forts, forests, palaces). Setting: a quiet field at sunrise, Bhishma resting on a soft bed with a white shawl, a few arrows stuck harmlessly in the ground around as a calm symbol, warm golden light, no blood. Characters — Bhishma Pitamah: tall majestic elderly warrior-sage, long white beard and white hair, maroon and gold armour with a white shawl, a long bow, calm noble face. As a young prince Devavrata (age 16): same face without beard, black hair, simple royal clothes. Yudhishthira: tall calm king, medium-brown skin, simple white and gold royal robes, modest gold crown, kind truthful eyes, a gentle smile. Action: Bhishma speaks gently while Yudhishthira and the four brothers sit around him with folded hands, listening. Expressions: Bhishma: peaceful, wise, loving; Pandavas: respectful, attentive. Camera: wide gentle shot with sun rays. Landscape 16:9, 2816x1536 px. NO text, NO captions, NO letters, NO watermark, no logo. Child-friendly: no blood, no gore, no frightening faces. Battle scenes show only calm tension, never violence. Keep each character's face, hair, clothes and colours EXACTLY the same as in scene 1 of this story (use the scene 1 image as the reference image for every later scene).
A13: 12 | B13: No | C13: C/1 — Chanakya · curious-wise | D13: art/scenes/C/1.webp | F13: 3D animated cartoon style, like a Pixar-quality children's movie still: big expressive eyes, soft rounded shapes, warm cinematic lighting, rich saturated colours, vibrant Indian heritage setting (temples, forts, forests, palaces). Setting: ancient Takshashila university campus with stone buildings, banyan trees and students sitting on the ground with palm-leaf books, golden morning light. Characters — Chanakya: thin wise scholar-teacher, shaved head with a long topknot (shikha), white dhoti and shawl, sharp kind eyes, holds a palm-leaf manuscript. Action: Chanakya stands in front of a group of attentive students, holding a palm-leaf manuscript and explaining with one hand raised. Expressions: Chanakya: wise, sharp and kind; students: curious. Camera: wide establishing shot, eye level. Landscape 16:9, 2816x1536 px. NO text, NO captions, NO letters, NO watermark, no logo. Child-friendly: no blood, no gore, no frightening faces. Battle scenes show only calm tension, never violence.
A14: 13 | B14: No | C14: C/2 — Chanakya · determined-patriotic | D14: art/scenes/C/2.webp | E14: Use art/scenes/C/1.webp | F14: 3D animated cartoon style, like a Pixar-quality children's movie still: big expressive eyes, soft rounded shapes, warm cinematic lighting, rich saturated colours, vibrant Indian heritage setting (temples, forts, forests, palaces). Setting: a simple hut at the edge of a village at dusk, a lamp glowing, a map drawn on the ground, hills in the distance. Characters — Chanakya: thin wise scholar-teacher, shaved head with a long topknot (shikha), white dhoti and shawl, sharp kind eyes, holds a palm-leaf manuscript. Action: Chanakya sits thoughtfully looking at a map drawn on the ground and then lifts his eyes toward the horizon. Expressions: Chanakya: deep thought, quiet determination. Camera: medium shot, warm lamp light on his face. Landscape 16:9, 2816x1536 px. NO text, NO captions, NO letters, NO watermark, no logo. Child-friendly: no blood, no gore, no frightening faces. Battle scenes show only calm tension, never violence. Keep each character's face, hair, clothes and colours EXACTLY the same as in scene 1 of this story (use the scene 1 image as the reference image for every later scene).
A15: 14 | B15: No | C15: C/3 — Chanakya · discovering-hopeful | D15: art/scenes/C/3.webp | E15: Use art/scenes/C/1.webp | F15: 3D animated cartoon style, like a Pixar-quality children's movie still: big expressive eyes, soft rounded shapes, warm cinematic lighting, rich saturated colours, vibrant Indian heritage setting (temples, forts, forests, palaces). Setting: a village field with a mango tree, children playing a game of court with sticks and stones, golden afternoon light. Characters — Chanakya: thin wise scholar-teacher, shaved head with a long topknot (shikha), white dhoti and shawl, sharp kind eyes, holds a palm-leaf manuscript. Action: Chanakya watches from the edge of the field with a smile while a bright boy (Chandragupta, age 10, simple clothes, a crown made of leaves) sits on a rock like a king giving judgement to other children. Expressions: Chanakya: pleasantly surprised; Chandragupta: confident and fair; children: giggling. Camera: medium-wide shot, shallow depth of field. Landscape 16:9, 2816x1536 px. NO text, NO captions, NO letters, NO watermark, no logo. Child-friendly: no blood, no gore, no frightening faces. Battle scenes show only calm tension, never violence. Keep each character's face, hair, clothes and colours EXACTLY the same as in scene 1 of this story (use the scene 1 image as the reference image for every later scene).
A16: 15 | B16: No | C16: C/4 — Chanakya · proud-teaching | D16: art/scenes/C/4.webp | E16: Use art/scenes/C/1.webp | F16: 3D animated cartoon style, like a Pixar-quality children's movie still: big expressive eyes, soft rounded shapes, warm cinematic lighting, rich saturated colours, vibrant Indian heritage setting (temples, forts, forests, palaces). Setting: a grand royal court of Magadha with golden pillars, flags and citizens gathered, bright daylight. Characters — Chanakya: thin wise scholar-teacher, shaved head with a long topknot (shikha), white dhoti and shawl, sharp kind eyes, holds a palm-leaf manuscript. Action: young emperor Chandragupta (age 22, gold crown, royal clothes) sits on the throne and bows slightly to Chanakya who stands beside him with folded hands, a happy crowd around. Expressions: Chandragupta: respectful and proud; Chanakya: quietly satisfied. Camera: wide celebratory shot with warm light. Landscape 16:9, 2816x1536 px. NO text, NO captions, NO letters, NO watermark, no logo. Child-friendly: no blood, no gore, no frightening faces. Battle scenes show only calm tension, never violence. Keep each character's face, hair, clothes and colours EXACTLY the same as in scene 1 of this story (use the scene 1 image as the reference image for every later scene).
A17: 16 | B17: No | C17: C/5 — Chanakya · humble-wise | D17: art/scenes/C/5.webp | E17: Use art/scenes/C/1.webp | F17: 3D animated cartoon style, like a Pixar-quality children's movie still: big expressive eyes, soft rounded shapes, warm cinematic lighting, rich saturated colours, vibrant Indian heritage setting (temples, forts, forests, palaces). Setting: a modest forest hut with a lamp, many palm-leaf manuscripts stacked, a river outside in the evening glow. Characters — Chanakya: thin wise scholar-teacher, shaved head with a long topknot (shikha), white dhoti and shawl, sharp kind eyes, holds a palm-leaf manuscript. Action: Chanakya sits on a mat writing with a reed pen on a palm-leaf; young students sit near him listening. Expressions: Chanakya: peaceful, contented, wise. Camera: medium shot, warm lamp light. Landscape 16:9, 2816x1536 px. NO text, NO captions, NO letters, NO watermark, no logo. Child-friendly: no blood, no gore, no frightening faces. Battle scenes show only calm tension, never violence. Keep each character's face, hair, clothes and colours EXACTLY the same as in scene 1 of this story (use the scene 1 image as the reference image for every later scene).
A18: 17 | B18: No | C18: D/1 — Dronacharya · humble-loving | D18: art/scenes/D/1.webp | F18: 3D animated cartoon style, like a Pixar-quality children's movie still: big expressive eyes, soft rounded shapes, warm cinematic lighting, rich saturated colours, vibrant Indian heritage setting (temples, forts, forests, palaces). Setting: a simple hermitage hut in a green forest, a cow and a fire pit outside, soft morning mist. Characters — Dronacharya: dignified elderly teacher, white beard and moustache, topknot, saffron robe with a white shawl, rudraksha beads, kind but stern eyes, holds a long bow. Action: Dronacharya (younger, black beard streaked with grey) sits outside the hut and holds his little son Ashwatthama (age 5) on his lap, both smiling. Expressions: Dronacharya: gentle and loving; child: giggling. Camera: warm medium shot with misty forest behind. Landscape 16:9, 2816x1536 px. NO text, NO captions, NO letters, NO watermark, no logo. Child-friendly: no blood, no gore, no frightening faces. Battle scenes show only calm tension, never violence.
A19: 18 | B19: No | C19: D/2 — Dronacharya · playful-amazed | D19: art/scenes/D/2.webp | E19: Use art/scenes/D/1.webp | F19: 3D animated cartoon style, like a Pixar-quality children's movie still: big expressive eyes, soft rounded shapes, warm cinematic lighting, rich saturated colours, vibrant Indian heritage setting (temples, forts, forests, palaces). Setting: a garden with an old stone well under a big tree outside Hastinapur, bright afternoon. Characters — Dronacharya: dignified elderly teacher, white beard and moustache, topknot, saffron robe with a white shawl, rudraksha beads, kind but stern eyes, holds a long bow. Action: Dronacharya holds a bow and has shot a chain of arrows joined together into the well; a small ball floats up on the last arrow while young princes (Kaurava and Pandava boys) crowd around with open mouths. Expressions: Dronacharya: calm and slightly amused; princes: wide-eyed amazement. Camera: medium-wide shot at the well, sunlight through leaves. Landscape 16:9, 2816x1536 px. NO text, NO captions, NO letters, NO watermark, no logo. Child-friendly: no blood, no gore, no frightening faces. Battle scenes show only calm tension, never violence. Keep each character's face, hair, clothes and colours EXACTLY the same as in scene 1 of this story (use the scene 1 image as the reference image for every later scene).
A20: 19 | B20: No | C20: D/3 — Dronacharya · respected-honoured | D20: art/scenes/D/3.webp | E20: Use art/scenes/D/1.webp | F20: 3D animated cartoon style, like a Pixar-quality children's movie still: big expressive eyes, soft rounded shapes, warm cinematic lighting, rich saturated colours, vibrant Indian heritage setting (temples, forts, forests, palaces). Setting: royal hall of Hastinapur with golden pillars, morning light through arches. Characters — Dronacharya: dignified elderly teacher, white beard and moustache, topknot, saffron robe with a white shawl, rudraksha beads, kind but stern eyes, holds a long bow. Bhishma Pitamah: tall majestic elderly warrior-sage, long white beard and white hair, maroon and gold armour with a white shawl, a long bow, calm noble face. As a young prince Devavrata (age 16): same face without beard, black hair, simple royal clothes. Action: Bhishma, white-bearded, folds his hands and welcomes Dronacharya, who bows slightly; a few little princes smile behind them. Expressions: Bhishma: respectful, pleased; Dronacharya: humble gratitude. Camera: medium two-shot, warm light. Landscape 16:9, 2816x1536 px. NO text, NO captions, NO letters, NO watermark, no logo. Child-friendly: no blood, no gore, no frightening faces. Battle scenes show only calm tension, never violence. Keep each character's face, hair, clothes and colours EXACTLY the same as in scene 1 of this story (use the scene 1 image as the reference image for every later scene).
A21: 20 | B21: No | C21: D/4 — Dronacharya · teaching-disciplined | D21: art/scenes/D/4.webp | E21: Use art/scenes/D/1.webp | F21: 3D animated cartoon style, like a Pixar-quality children's movie still: big expressive eyes, soft rounded shapes, warm cinematic lighting, rich saturated colours, vibrant Indian heritage setting (temples, forts, forests, palaces). Setting: a large open training ground with straw targets and flags at sunrise. Characters — Dronacharya: dignified elderly teacher, white beard and moustache, topknot, saffron robe with a white shawl, rudraksha beads, kind but stern eyes, holds a long bow. Arjun: handsome Indian prince, medium-brown skin, large expressive dark eyes, curly shoulder-length black hair half tied up, small gold crown (mukut) with one peacock feather, golden-yellow dhoti with a maroon sash, gold armlets and a pearl necklace, carries the golden bow Gandiva decorated with peacock-feather patterns. As a child (age 8): same face, round cheeks, hair in a small topknot, simple yellow dhoti, a tiny wooden bow. Action: Dronacharya corrects a young prince's grip on the bow while Arjun (age 14) practises beside them and other princes train in rows. Expressions: Dronacharya: patient, stern but caring; Arjun: focused. Camera: wide training-ground shot, dust glowing in the sunlight. Landscape 16:9, 2816x1536 px. NO text, NO captions, NO letters, NO watermark, no logo. Child-friendly: no blood, no gore, no frightening faces. Battle scenes show only calm tension, never violence. Keep each character's face, hair, clothes and colours EXACTLY the same as in scene 1 of this story (use the scene 1 image as the reference image for every later scene).
A22: 21 | B22: No | C22: D/5 — Dronacharya · grateful-respectful | D22: art/scenes/D/5.webp | E22: Use art/scenes/D/1.webp | F22: 3D animated cartoon style, like a Pixar-quality children's movie still: big expressive eyes, soft rounded shapes, warm cinematic lighting, rich saturated colours, vibrant Indian heritage setting (temples, forts, forests, palaces). Setting: a peaceful gurukul courtyard in the evening, oil lamps lit, flower petals on the ground. Characters — Dronacharya: dignified elderly teacher, white beard and moustache, topknot, saffron robe with a white shawl, rudraksha beads, kind but stern eyes, holds a long bow. Arjun: handsome Indian prince, medium-brown skin, large expressive dark eyes, curly shoulder-length black hair half tied up, small gold crown (mukut) with one peacock feather, golden-yellow dhoti with a maroon sash, gold armlets and a pearl necklace, carries the golden bow Gandiva decorated with peacock-feather patterns. As a child (age 8): same face, round cheeks, hair in a small topknot, simple yellow dhoti, a tiny wooden bow. Action: students including Arjun offer flowers and bow to Dronacharya, who blesses them with a raised hand. Expressions: students: devoted joy; Dronacharya: proud and blessing smile. Camera: medium shot, soft lamp glow. Landscape 16:9, 2816x1536 px. NO text, NO captions, NO letters, NO watermark, no logo. Child-friendly: no blood, no gore, no frightening faces. Battle scenes show only calm tension, never violence. Keep each character's face, hair, clothes and colours EXACTLY the same as in scene 1 of this story (use the scene 1 image as the reference image for every later scene).
A23: 22 | B23: No | C23: E/1 — Eklavya · eager-hopeful | D23: art/scenes/E/1.webp | F23: 3D animated cartoon style, like a Pixar-quality children's movie still: big expressive eyes, soft rounded shapes, warm cinematic lighting, rich saturated colours, vibrant Indian heritage setting (temples, forts, forests, palaces). Setting: a green forest path with sun rays, tall trees, small tribal huts in the distance. Characters — Eklavya: young tribal forest prince (age 14), dark skin, thick black hair tied with a green headband, simple forest clothes with feather ornaments, a handmade wooden bow, determined face. Action: Eklavya walks eagerly along the forest path carrying his bow, looking toward the far-away city. Expressions: bright hopeful eyes, determined smile. Camera: wide shot following him from the side. Landscape 16:9, 2816x1536 px. NO text, NO captions, NO letters, NO watermark, no logo. Child-friendly: no blood, no gore, no frightening faces. Battle scenes show only calm tension, never violence.
A24: 23 | B24: No | C24: E/2 — Eklavya · disappointed-brave | D24: art/scenes/E/2.webp | E24: Use art/scenes/E/1.webp | F24: 3D animated cartoon style, like a Pixar-quality children's movie still: big expressive eyes, soft rounded shapes, warm cinematic lighting, rich saturated colours, vibrant Indian heritage setting (temples, forts, forests, palaces). Setting: the edge of the Hastinapur training ground at dusk. Characters — Eklavya: young tribal forest prince (age 14), dark skin, thick black hair tied with a green headband, simple forest clothes with feather ornaments, a handmade wooden bow, determined face. Dronacharya: dignified elderly teacher, white beard and moustache, topknot, saffron robe with a white shawl, rudraksha beads, kind but stern eyes, holds a long bow. Action: Eklavya bows with folded hands to Dronacharya, who looks at him with a kind but regretful face; Eklavya then turns to leave. Expressions: Eklavya: sad but respectful; Dronacharya: regretful. Camera: medium shot with long evening shadows. Landscape 16:9, 2816x1536 px. NO text, NO captions, NO letters, NO watermark, no logo. Child-friendly: no blood, no gore, no frightening faces. Battle scenes show only calm tension, never violence. Keep each character's face, hair, clothes and colours EXACTLY the same as in scene 1 of this story (use the scene 1 image as the reference image for every later scene).
A25: 24 | B25: No | C25: E/3 — Eklavya · devoted-determined | D25: art/scenes/E/3.webp | E25: Use art/scenes/E/1.webp | F25: 3D animated cartoon style, like a Pixar-quality children's movie still: big expressive eyes, soft rounded shapes, warm cinematic lighting, rich saturated colours, vibrant Indian heritage setting (temples, forts, forests, palaces). Setting: a quiet forest clearing with a clay statue of an old teacher under a tree, wildflowers, soft golden morning light. Characters — Eklavya: young tribal forest prince (age 14), dark skin, thick black hair tied with a green headband, simple forest clothes with feather ornaments, a handmade wooden bow, determined face. Action: Eklavya aims his bow at a far target, with the clay statue of Dronacharya standing behind him; a garland of wild flowers hangs around the statue. Expressions: Eklavya: deep concentration and devotion. Camera: medium shot from behind-left showing statue and target. Landscape 16:9, 2816x1536 px. NO text, NO captions, NO letters, NO watermark, no logo. Child-friendly: no blood, no gore, no frightening faces. Battle scenes show only calm tension, never violence. Keep each character's face, hair, clothes and colours EXACTLY the same as in scene 1 of this story (use the scene 1 image as the reference image for every later scene).
A26: 25 | B26: No | C26: E/4 — Eklavya · skilful-proud | D26: art/scenes/E/4.webp | E26: Use art/scenes/E/1.webp | F26: 3D animated cartoon style, like a Pixar-quality children's movie still: big expressive eyes, soft rounded shapes, warm cinematic lighting, rich saturated colours, vibrant Indian heritage setting (temples, forts, forests, palaces). Setting: a forest clearing, a little dog sitting calmly with arrows around its mouth like a harmless frame, dappled sunlight. Characters — Eklavya: young tribal forest prince (age 14), dark skin, thick black hair tied with a green headband, simple forest clothes with feather ornaments, a handmade wooden bow, determined face. Arjun: handsome Indian prince, medium-brown skin, large expressive dark eyes, curly shoulder-length black hair half tied up, small gold crown (mukut) with one peacock feather, golden-yellow dhoti with a maroon sash, gold armlets and a pearl necklace, carries the golden bow Gandiva decorated with peacock-feather patterns. As a child (age 8): same face, round cheeks, hair in a small topknot, simple yellow dhoti, a tiny wooden bow. Dronacharya: dignified elderly teacher, white beard and moustache, topknot, saffron robe with a white shawl, rudraksha beads, kind but stern eyes, holds a long bow. Action: Arjun and Dronacharya stand at the edge of the clearing looking at the dog and then at Eklavya, who lowers his bow. Expressions: Arjun and Dronacharya: wide-eyed wonder; Eklavya: humble calm. Camera: wide shot from the clearing edge. Landscape 16:9, 2816x1536 px. NO text, NO captions, NO letters, NO watermark, no logo. Child-friendly: no blood, no gore, no frightening faces. Battle scenes show only calm tension, never violence. Keep each character's face, hair, clothes and colours EXACTLY the same as in scene 1 of this story (use the scene 1 image as the reference image for every later scene).
A27: 26 | B27: No | C27: E/5 — Eklavya · noble-giving | D27: art/scenes/E/5.webp | E27: Use art/scenes/E/1.webp | F27: 3D animated cartoon style, like a Pixar-quality children's movie still: big expressive eyes, soft rounded shapes, warm cinematic lighting, rich saturated colours, vibrant Indian heritage setting (temples, forts, forests, palaces). Setting: a forest clearing at sunset with the clay statue behind them, warm orange light. Characters — Eklavya: young tribal forest prince (age 14), dark skin, thick black hair tied with a green headband, simple forest clothes with feather ornaments, a handmade wooden bow, determined face. Dronacharya: dignified elderly teacher, white beard and moustache, topknot, saffron robe with a white shawl, rudraksha beads, kind but stern eyes, holds a long bow. Action: Eklavya kneels respectfully before Dronacharya with folded hands, offering his right hand; Dronacharya looks moved and sorry (no blood, no injury shown). Expressions: Eklavya: serene, devoted; Dronacharya: deeply moved. Camera: gentle medium shot, golden-hour glow. Landscape 16:9, 2816x1536 px. NO text, NO captions, NO letters, NO watermark, no logo. Child-friendly: no blood, no gore, no frightening faces. Battle scenes show only calm tension, never violence. Keep each character's face, hair, clothes and colours EXACTLY the same as in scene 1 of this story (use the scene 1 image as the reference image for every later scene).
A28: 27 | B28: No | C28: F/1 — Shabari · calm-devoted | D28: art/scenes/F/1.webp | F28: 3D animated cartoon style, like a Pixar-quality children's movie still: big expressive eyes, soft rounded shapes, warm cinematic lighting, rich saturated colours, vibrant Indian heritage setting (temples, forts, forests, palaces). Setting: a peaceful forest hermitage with small leaf huts, a sacred fire, tall trees and birds. Characters — Shabari: very old tribal woman, white hair in a bun, wrinkled kind face, simple saffron-brown saree, a leaf basket of berries, glowing devoted smile. Action: young Shabari sweeps the hermitage yard with a broom and smiles while the sage Matanga (white beard, saffron robes) watches kindly from the hut door. Expressions: Shabari: cheerful devotion; Matanga: gentle, blessing. Camera: wide gentle shot, morning light. Landscape 16:9, 2816x1536 px. NO text, NO captions, NO letters, NO watermark, no logo. Child-friendly: no blood, no gore, no frightening faces. Battle scenes show only calm tension, never violence.
A29: 28 | B29: No | C29: F/2 — Shabari · hopeful-joyful | D29: art/scenes/F/2.webp | E29: Use art/scenes/F/1.webp | F29: 3D animated cartoon style, like a Pixar-quality children's movie still: big expressive eyes, soft rounded shapes, warm cinematic lighting, rich saturated colours, vibrant Indian heritage setting (temples, forts, forests, palaces). Setting: the hermitage hut at sunset, golden light, a small lamp lit near the door. Characters — Shabari: very old tribal woman, white hair in a bun, wrinkled kind face, simple saffron-brown saree, a leaf basket of berries, glowing devoted smile. Action: old sage Matanga lovingly places his hand in blessing on Shabari's head while she folds her hands, eyes sparkling. Expressions: Shabari: tearful joy; Matanga: loving, peaceful. Camera: medium shot, warm sunset glow. Landscape 16:9, 2816x1536 px. NO text, NO captions, NO letters, NO watermark, no logo. Child-friendly: no blood, no gore, no frightening faces. Battle scenes show only calm tension, never violence. Keep each character's face, hair, clothes and colours EXACTLY the same as in scene 1 of this story (use the scene 1 image as the reference image for every later scene).
A30: 29 | B30: No | C30: F/3 — Shabari · patient-steady | D30: art/scenes/F/3.webp | E30: Use art/scenes/F/1.webp | F30: 3D animated cartoon style, like a Pixar-quality children's movie still: big expressive eyes, soft rounded shapes, warm cinematic lighting, rich saturated colours, vibrant Indian heritage setting (temples, forts, forests, palaces). Setting: a forest path in four moods of the day: sunrise light, flowers on both sides, a hut at the end, falling leaves showing the passing seasons. Characters — Shabari: very old tribal woman, white hair in a bun, wrinkled kind face, simple saffron-brown saree, a leaf basket of berries, glowing devoted smile. Action: old Shabari carefully sweeps the path with a broom and arranges fresh flowers by the door, looking hopefully down the path. Expressions: hopeful, patient, glowing. Camera: wide shot along the path with soft depth. Landscape 16:9, 2816x1536 px. NO text, NO captions, NO letters, NO watermark, no logo. Child-friendly: no blood, no gore, no frightening faces. Battle scenes show only calm tension, never violence. Keep each character's face, hair, clothes and colours EXACTLY the same as in scene 1 of this story (use the scene 1 image as the reference image for every later scene).
A31: 30 | B31: No | C31: F/4 — Shabari · overjoyed-loving | D31: art/scenes/F/4.webp | E31: Use art/scenes/F/1.webp | F31: 3D animated cartoon style, like a Pixar-quality children's movie still: big expressive eyes, soft rounded shapes, warm cinematic lighting, rich saturated colours, vibrant Indian heritage setting (temples, forts, forests, palaces). Setting: Shabari's leaf hut in a green forest, a leaf plate of red berries in the foreground, golden light. Characters — Shabari: very old tribal woman, white hair in a bun, wrinkled kind face, simple saffron-brown saree, a leaf basket of berries, glowing devoted smile. Ram: blue-skinned Lord Ram, calm gentle smile, golden crown, saffron-yellow dhoti, a long bow, noble face. During exile: matted hair topknot and simple bark-cloth clothes. Laxman: young prince with golden-brown skin, hair in a topknot, simple yellow-green forest robes, a bow and quiver, alert loyal eyes. Action: Ram and Laxman sit on a mat while old Shabari happily offers berries on a leaf plate. Expressions: Shabari: tearful bliss; Ram: loving smile; Laxman: curious and warm. Camera: medium close-up of the three with berries in sharp focus. Landscape 16:9, 2816x1536 px. NO text, NO captions, NO letters, NO watermark, no logo. Child-friendly: no blood, no gore, no frightening faces. Battle scenes show only calm tension, never violence. Keep each character's face, hair, clothes and colours EXACTLY the same as in scene 1 of this story (use the scene 1 image as the reference image for every later scene).
A32: 31 | B32: No | C32: F/5 — Shabari · tender-blessed | D32: art/scenes/F/5.webp | E32: Use art/scenes/F/1.webp | F32: 3D animated cartoon style, like a Pixar-quality children's movie still: big expressive eyes, soft rounded shapes, warm cinematic lighting, rich saturated colours, vibrant Indian heritage setting (temples, forts, forests, palaces). Setting: the same hut at golden sunset with warm light, a few petals falling. Characters — Shabari: very old tribal woman, white hair in a bun, wrinkled kind face, simple saffron-brown saree, a leaf basket of berries, glowing devoted smile. Ram: blue-skinned Lord Ram, calm gentle smile, golden crown, saffron-yellow dhoti, a long bow, noble face. During exile: matted hair topknot and simple bark-cloth clothes. Action: Ram eats a berry with a joyful smile and raises his other hand in blessing over Shabari, who bows with folded hands. Expressions: Ram: tender and happy; Shabari: radiant peace. Camera: gentle medium shot with warm backlight. Landscape 16:9, 2816x1536 px. NO text, NO captions, NO letters, NO watermark, no logo. Child-friendly: no blood, no gore, no frightening faces. Battle scenes show only calm tension, never violence. Keep each character's face, hair, clothes and colours EXACTLY the same as in scene 1 of this story (use the scene 1 image as the reference image for every later scene).
A33: 32 | B33: No | C33: G/1 — Ganesh · warm-loving | D33: art/scenes/G/1.webp | F33: 3D animated cartoon style, like a Pixar-quality children's movie still: big expressive eyes, soft rounded shapes, warm cinematic lighting, rich saturated colours, vibrant Indian heritage setting (temples, forts, forests, palaces). Setting: Mount Kailash palace garden with snow peaks and flowers, soft morning light. Characters — Uma (Parvati): Goddess Parvati (Uma), fair golden-brown skin, red saree with a gold border, crown and flowers, a small bindi, peaceful loving face. Ganesh: child-friendly Lord Ganesh, elephant head with one tusk, big kind eyes, red-and-yellow dhoti, golden crown, round belly, four arms holding a modak, an axe, a lotus and a blessing hand, a small friendly mouse nearby. Action: Goddess Parvati lovingly shapes a small boy from golden turmeric paste in her hands, a gentle glow giving the boy life. Expressions: Parvati: tender and loving; baby Ganesh: opening his eyes with a happy smile. Camera: close warm medium shot, golden glow. Landscape 16:9, 2816x1536 px. NO text, NO captions, NO letters, NO watermark, no logo. Child-friendly: no blood, no gore, no frightening faces. Battle scenes show only calm tension, never violence.
A34: 33 | B34: No | C34: G/2 — Ganesh · loyal-brave | D34: art/scenes/G/2.webp | E34: Use art/scenes/G/1.webp | F34: 3D animated cartoon style, like a Pixar-quality children's movie still: big expressive eyes, soft rounded shapes, warm cinematic lighting, rich saturated colours, vibrant Indian heritage setting (temples, forts, forests, palaces). Setting: a decorated entrance of a Kailash palace with flowers and lamps, soft light. Characters — Ganesh: child-friendly Lord Ganesh, elephant head with one tusk, big kind eyes, red-and-yellow dhoti, golden crown, round belly, four arms holding a modak, an axe, a lotus and a blessing hand, a small friendly mouse nearby. Action: the little boy (Ganesh as a child with a human face) stands at the door holding a small stick, arms spread, protecting the entrance. Expressions: serious, loyal, cute determination. Camera: front medium shot at his eye level. Landscape 16:9, 2816x1536 px. NO text, NO captions, NO letters, NO watermark, no logo. Child-friendly: no blood, no gore, no frightening faces. Battle scenes show only calm tension, never violence. Keep each character's face, hair, clothes and colours EXACTLY the same as in scene 1 of this story (use the scene 1 image as the reference image for every later scene).
A35: 34 | B35: No | C35: G/3 — Ganesh · surprised-blessing | D35: art/scenes/G/3.webp | E35: Use art/scenes/G/1.webp | F35: 3D animated cartoon style, like a Pixar-quality children's movie still: big expressive eyes, soft rounded shapes, warm cinematic lighting, rich saturated colours, vibrant Indian heritage setting (temples, forts, forests, palaces). Setting: Kailash palace courtyard with flower garlands and a glowing divine light. Characters — Shiva (Mahadev): Lord Shiva (Mahadev), pale blue-grey skin, matted hair with a crescent moon and the river Ganga flowing from it, a third eye, a serpent around the neck, tiger-skin cloth, a trident (trishul) and a damaru drum, calm meditative face. Ganesh: child-friendly Lord Ganesh, elephant head with one tusk, big kind eyes, red-and-yellow dhoti, golden crown, round belly, four arms holding a modak, an axe, a lotus and a blessing hand, a small friendly mouse nearby. Uma (Parvati): Goddess Parvati (Uma), fair golden-brown skin, red saree with a gold border, crown and flowers, a small bindi, peaceful loving face. Action: Lord Shiva places a gentle hand on the boy, who now has an elephant head and a happy smile; Parvati folds her hands with joy. Expressions: Shiva: kind and proud; Ganesh: delighted; Parvati: grateful tears of joy. Camera: medium shot with glowing light rays. Landscape 16:9, 2816x1536 px. NO text, NO captions, NO letters, NO watermark, no logo. Child-friendly: no blood, no gore, no frightening faces. Battle scenes show only calm tension, never violence. Keep each character's face, hair, clothes and colours EXACTLY the same as in scene 1 of this story (use the scene 1 image as the reference image for every later scene).
A36: 35 | B36: No | C36: G/4 — Ganesh · playful-sweet | D36: art/scenes/G/4.webp | E36: Use art/scenes/G/1.webp | F36: 3D animated cartoon style, like a Pixar-quality children's movie still: big expressive eyes, soft rounded shapes, warm cinematic lighting, rich saturated colours, vibrant Indian heritage setting (temples, forts, forests, palaces). Setting: a festive Ganesh Chaturthi room with flowers, marigold garlands, lamps and a plate of modaks. Characters — Ganesh: child-friendly Lord Ganesh, elephant head with one tusk, big kind eyes, red-and-yellow dhoti, golden crown, round belly, four arms holding a modak, an axe, a lotus and a blessing hand, a small friendly mouse nearby. Action: Ganesh sits on a lotus seat holding a modak in one hand while his small mouse friend nibbles a laddu beside him. Expressions: Ganesh: joyful, twinkling eyes; mouse: happy. Camera: close medium shot, warm festive glow. Landscape 16:9, 2816x1536 px. NO text, NO captions, NO letters, NO watermark, no logo. Child-friendly: no blood, no gore, no frightening faces. Battle scenes show only calm tension, never violence. Keep each character's face, hair, clothes and colours EXACTLY the same as in scene 1 of this story (use the scene 1 image as the reference image for every later scene).
A37: 36 | B37: No | C37: G/5 — Ganesh · wise-clever | D37: art/scenes/G/5.webp | E37: Use art/scenes/G/1.webp | F37: 3D animated cartoon style, like a Pixar-quality children's movie still: big expressive eyes, soft rounded shapes, warm cinematic lighting, rich saturated colours, vibrant Indian heritage setting (temples, forts, forests, palaces). Setting: Mount Kailash with snow peaks and a clear sky; a distant peacock with Kartikeya flying off in the background. Characters — Ganesh: child-friendly Lord Ganesh, elephant head with one tusk, big kind eyes, red-and-yellow dhoti, golden crown, round belly, four arms holding a modak, an axe, a lotus and a blessing hand, a small friendly mouse nearby. Shiva (Mahadev): Lord Shiva (Mahadev), pale blue-grey skin, matted hair with a crescent moon and the river Ganga flowing from it, a third eye, a serpent around the neck, tiger-skin cloth, a trident (trishul) and a damaru drum, calm meditative face. Uma (Parvati): Goddess Parvati (Uma), fair golden-brown skin, red saree with a gold border, crown and flowers, a small bindi, peaceful loving face. Action: Ganesh walks around his seated parents with folded hands, the mouse following; Shiva and Parvati smile warmly. Expressions: Ganesh: sweet and sure; Shiva and Parvati: proud. Camera: wide shot, golden light. Landscape 16:9, 2816x1536 px. NO text, NO captions, NO letters, NO watermark, no logo. Child-friendly: no blood, no gore, no frightening faces. Battle scenes show only calm tension, never violence. Keep each character's face, hair, clothes and colours EXACTLY the same as in scene 1 of this story (use the scene 1 image as the reference image for every later scene).
A38: 37 | B38: No | C38: H/1 — Hanuman · playful-curious | D38: art/scenes/H/1.webp | F38: 3D animated cartoon style, like a Pixar-quality children's movie still: big expressive eyes, soft rounded shapes, warm cinematic lighting, rich saturated colours, vibrant Indian heritage setting (temples, forts, forests, palaces). Setting: a glowing orange sky at sunrise over green hills, white clouds. Characters — Hanuman: mighty Hanuman with a golden-orange furry body and a monkey face, red mace (gada) on his shoulder, golden crown and earrings, red loincloth, long tail, kind devoted eyes. Action: baby Hanuman (a cute small monkey-boy with golden fur) flies up joyfully toward the big red sun, arms stretched, giggling. Expressions: wide-eyed joyful curiosity. Camera: low-angle wide shot with the sun glowing. Landscape 16:9, 2816x1536 px. NO text, NO captions, NO letters, NO watermark, no logo. Child-friendly: no blood, no gore, no frightening faces. Battle scenes show only calm tension, never violence.
A39: 38 | B39: No | C39: H/2 — Hanuman · blessed-gentle | D39: art/scenes/H/2.webp | E39: Use art/scenes/H/1.webp | F39: 3D animated cartoon style, like a Pixar-quality children's movie still: big expressive eyes, soft rounded shapes, warm cinematic lighting, rich saturated colours, vibrant Indian heritage setting (temples, forts, forests, palaces). Setting: heavenly clouds with golden light, divine gods gathering around. Characters — Hanuman: mighty Hanuman with a golden-orange furry body and a monkey face, red mace (gada) on his shoulder, golden crown and earrings, red loincloth, long tail, kind devoted eyes. Indra: king of the gods, golden crown, white and gold royal clothes, holds a golden thunderbolt (vajra), sits on the white four-tusked elephant Airavat. Action: little Hanuman sits calmly on a cloud while several gods including Indra bless him with raised hands and sparkles of light. Expressions: Hanuman: surprised then smiling; gods: kind and proud. Camera: wide celestial scene. Landscape 16:9, 2816x1536 px. NO text, NO captions, NO letters, NO watermark, no logo. Child-friendly: no blood, no gore, no frightening faces. Battle scenes show only calm tension, never violence. Keep each character's face, hair, clothes and colours EXACTLY the same as in scene 1 of this story (use the scene 1 image as the reference image for every later scene).
A40: 39 | B40: No | C40: H/3 — Hanuman · devoted-emotional | D40: art/scenes/H/3.webp | E40: Use art/scenes/H/1.webp | F40: 3D animated cartoon style, like a Pixar-quality children's movie still: big expressive eyes, soft rounded shapes, warm cinematic lighting, rich saturated colours, vibrant Indian heritage setting (temples, forts, forests, palaces). Setting: a rocky forest hill path in soft morning light. Characters — Hanuman: mighty Hanuman with a golden-orange furry body and a monkey face, red mace (gada) on his shoulder, golden crown and earrings, red loincloth, long tail, kind devoted eyes. Ram: blue-skinned Lord Ram, calm gentle smile, golden crown, saffron-yellow dhoti, a long bow, noble face. During exile: matted hair topknot and simple bark-cloth clothes. Laxman: young prince with golden-brown skin, hair in a topknot, simple yellow-green forest robes, a bow and quiver, alert loyal eyes. Action: Hanuman (disguised as a gentle young sage at first, then in his true form) bows with folded hands before Ram and Laxman, who smile warmly. Expressions: Hanuman: humble devotion; Ram: kind; Laxman: pleased. Camera: medium three-shot, warm light. Landscape 16:9, 2816x1536 px. NO text, NO captions, NO letters, NO watermark, no logo. Child-friendly: no blood, no gore, no frightening faces. Battle scenes show only calm tension, never violence. Keep each character's face, hair, clothes and colours EXACTLY the same as in scene 1 of this story (use the scene 1 image as the reference image for every later scene).
A41: 40 | B41: No | C41: H/4 — Hanuman · heroic-hopeful | D41: art/scenes/H/4.webp | E41: Use art/scenes/H/1.webp | F41: 3D animated cartoon style, like a Pixar-quality children's movie still: big expressive eyes, soft rounded shapes, warm cinematic lighting, rich saturated colours, vibrant Indian heritage setting (temples, forts, forests, palaces). Setting: Ashok Vatika garden in Lanka with tall trees, glowing flowers and a soft moonlit sky. Characters — Hanuman: mighty Hanuman with a golden-orange furry body and a monkey face, red mace (gada) on his shoulder, golden crown and earrings, red loincloth, long tail, kind devoted eyes. Queen Sita: graceful Sita, long dark hair with a flower, soft yellow and pink saree with a gold border, gentle strong face, a lotus in her hand. Action: Hanuman kneels respectfully near Sita under a tree and gently holds out a golden ring in his palm; Sita looks up with hopeful tears. Expressions: Hanuman: gentle, reassuring; Sita: surprised joy and hope. Camera: medium shot with the ring glowing in the centre. Landscape 16:9, 2816x1536 px. NO text, NO captions, NO letters, NO watermark, no logo. Child-friendly: no blood, no gore, no frightening faces. Battle scenes show only calm tension, never violence. Keep each character's face, hair, clothes and colours EXACTLY the same as in scene 1 of this story (use the scene 1 image as the reference image for every later scene).
A42: 41 | B42: No | C42: H/5 — Hanuman · humble-strong | D42: art/scenes/H/5.webp | E42: Use art/scenes/H/1.webp | F42: 3D animated cartoon style, like a Pixar-quality children's movie still: big expressive eyes, soft rounded shapes, warm cinematic lighting, rich saturated colours, vibrant Indian heritage setting (temples, forts, forests, palaces). Setting: a night sky with stars over the ocean, a glowing mountain with herbs shining on Hanuman's palm. Characters — Hanuman: mighty Hanuman with a golden-orange furry body and a monkey face, red mace (gada) on his shoulder, golden crown and earrings, red loincloth, long tail, kind devoted eyes. Action: Hanuman flies across the sky carrying a glowing herb-covered mountain on one raised palm, cape of clouds behind him. Expressions: determined, heroic, loving. Camera: wide low-angle shot with stars and glowing mountain. Landscape 16:9, 2816x1536 px. NO text, NO captions, NO letters, NO watermark, no logo. Child-friendly: no blood, no gore, no frightening faces. Battle scenes show only calm tension, never violence. Keep each character's face, hair, clothes and colours EXACTLY the same as in scene 1 of this story (use the scene 1 image as the reference image for every later scene).
A43: 42 | B43: No | C43: I/1 — Indra · majestic-proud | D43: art/scenes/I/1.webp | F43: 3D animated cartoon style, like a Pixar-quality children's movie still: big expressive eyes, soft rounded shapes, warm cinematic lighting, rich saturated colours, vibrant Indian heritage setting (temples, forts, forests, palaces). Setting: a shining heavenly city Amaravati above the clouds with golden palaces, rainbows and flower gardens. Characters — Indra: king of the gods, golden crown, white and gold royal clothes, holds a golden thunderbolt (vajra), sits on the white four-tusked elephant Airavat. Action: Indra sits proudly on the white elephant Airavat, holding his golden vajra, with other gods and celestial musicians around. Expressions: regal, confident, slightly proud. Camera: wide majestic shot from slightly below. Landscape 16:9, 2816x1536 px. NO text, NO captions, NO letters, NO watermark, no logo. Child-friendly: no blood, no gore, no frightening faces. Battle scenes show only calm tension, never violence.
A44: 43 | B44: No | C44: I/2 — Indra · joyful-giving | D44: art/scenes/I/2.webp | E44: Use art/scenes/I/1.webp | F44: 3D animated cartoon style, like a Pixar-quality children's movie still: big expressive eyes, soft rounded shapes, warm cinematic lighting, rich saturated colours, vibrant Indian heritage setting (temples, forts, forests, palaces). Setting: a village with green fields in the rain, rainbow in the sky, farmers smiling and kids dancing in puddles. Characters — Indra: king of the gods, golden crown, white and gold royal clothes, holds a golden thunderbolt (vajra), sits on the white four-tusked elephant Airavat. Action: Indra watches from the clouds as rain falls on happy farmers and children below. Expressions: Indra: kindly satisfied; villagers: joyful. Camera: wide aerial shot looking down from the clouds. Landscape 16:9, 2816x1536 px. NO text, NO captions, NO letters, NO watermark, no logo. Child-friendly: no blood, no gore, no frightening faces. Battle scenes show only calm tension, never violence. Keep each character's face, hair, clothes and colours EXACTLY the same as in scene 1 of this story (use the scene 1 image as the reference image for every later scene).
A45: 44 | B45: No | C45: I/3 — Indra · playful-wise | D45: art/scenes/I/3.webp | E45: Use art/scenes/I/1.webp | F45: 3D animated cartoon style, like a Pixar-quality children's movie still: big expressive eyes, soft rounded shapes, warm cinematic lighting, rich saturated colours, vibrant Indian heritage setting (temples, forts, forests, palaces). Setting: village of Gokul near Mount Govardhan, cows, cowherd boys and girls, decorated puja plates, morning sunlight. Characters — Krishna: blue-skinned Lord Krishna, gentle smile, large lotus-shaped eyes, golden crown with a peacock feather, yellow pitambar dhoti, flower garland, gold ornaments, a bamboo flute. As a child (age 5): same face, round cheeks, small peacock feather, butter on his cheeks. As charioteer he holds the reins of four white horses. Action: child Krishna speaks cheerfully to the villagers while pointing to the green Govardhan hill, cows around him. Expressions: Krishna: wise, bright smile; villagers: thoughtful, happy. Camera: medium-wide shot with the hill behind. Landscape 16:9, 2816x1536 px. NO text, NO captions, NO letters, NO watermark, no logo. Child-friendly: no blood, no gore, no frightening faces. Battle scenes show only calm tension, never violence. Keep each character's face, hair, clothes and colours EXACTLY the same as in scene 1 of this story (use the scene 1 image as the reference image for every later scene).
A46: 45 | B46: No | C46: I/4 — Indra · stormy-protective | D46: art/scenes/I/4.webp | E46: Use art/scenes/I/1.webp | F46: 3D animated cartoon style, like a Pixar-quality children's movie still: big expressive eyes, soft rounded shapes, warm cinematic lighting, rich saturated colours, vibrant Indian heritage setting (temples, forts, forests, palaces). Setting: Gokul under dark rain clouds with lightning in the far sky, a huge green mountain lifted high. Characters — Krishna: blue-skinned Lord Krishna, gentle smile, large lotus-shaped eyes, golden crown with a peacock feather, yellow pitambar dhoti, flower garland, gold ornaments, a bamboo flute. As a child (age 5): same face, round cheeks, small peacock feather, butter on his cheeks. As charioteer he holds the reins of four white horses. Action: child Krishna holds up Govardhan hill with one little finger, villagers and cows huddled safely and smiling beneath it. Expressions: Krishna: calm gentle smile; villagers: wonder and relief. Camera: wide dramatic shot from below the hill. Landscape 16:9, 2816x1536 px. NO text, NO captions, NO letters, NO watermark, no logo. Child-friendly: no blood, no gore, no frightening faces. Battle scenes show only calm tension, never violence. Keep each character's face, hair, clothes and colours EXACTLY the same as in scene 1 of this story (use the scene 1 image as the reference image for every later scene).
A47: 46 | B47: No | C47: I/5 — Indra · humble-apologetic | D47: art/scenes/I/5.webp | E47: Use art/scenes/I/1.webp | F47: 3D animated cartoon style, like a Pixar-quality children's movie still: big expressive eyes, soft rounded shapes, warm cinematic lighting, rich saturated colours, vibrant Indian heritage setting (temples, forts, forests, palaces). Setting: Gokul meadow after the rain, rainbow in the sky, cows grazing, soft golden light. Characters — Indra: king of the gods, golden crown, white and gold royal clothes, holds a golden thunderbolt (vajra), sits on the white four-tusked elephant Airavat. Krishna: blue-skinned Lord Krishna, gentle smile, large lotus-shaped eyes, golden crown with a peacock feather, yellow pitambar dhoti, flower garland, gold ornaments, a bamboo flute. As a child (age 5): same face, round cheeks, small peacock feather, butter on his cheeks. As charioteer he holds the reins of four white horses. Action: Indra bows with folded hands before Krishna, with Airavat standing behind him; Krishna smiles and places a blessing hand on Indra. Expressions: Indra: humble and sorry; Krishna: forgiving and kind. Camera: medium shot with the rainbow behind. Landscape 16:9, 2816x1536 px. NO text, NO captions, NO letters, NO watermark, no logo. Child-friendly: no blood, no gore, no frightening faces. Battle scenes show only calm tension, never violence. Keep each character's face, hair, clothes and colours EXACTLY the same as in scene 1 of this story (use the scene 1 image as the reference image for every later scene).
A48: 47 | B48: No | C48: J/1 — Janak · calm-wise | D48: art/scenes/J/1.webp | F48: 3D animated cartoon style, like a Pixar-quality children's movie still: big expressive eyes, soft rounded shapes, warm cinematic lighting, rich saturated colours, vibrant Indian heritage setting (temples, forts, forests, palaces). Setting: the royal court of Mithila with elegant arches, scholars sitting around, a calm peaceful atmosphere. Characters — Janak: wise king with a grey beard, simple saffron robe over royal clothes, modest gold crown, kind eyes. Action: King Janak sits on a simple throne listening carefully to a scholar, with a gentle smile. Expressions: wise, attentive, kind. Camera: medium shot with warm interior light. Landscape 16:9, 2816x1536 px. NO text, NO captions, NO letters, NO watermark, no logo. Child-friendly: no blood, no gore, no frightening faces. Battle scenes show only calm tension, never violence.
A49: 48 | B49: No | C49: J/2 — Janak · wonder-joy | D49: art/scenes/J/2.webp | E49: Use art/scenes/J/1.webp | F49: 3D animated cartoon style, like a Pixar-quality children's movie still: big expressive eyes, soft rounded shapes, warm cinematic lighting, rich saturated colours, vibrant Indian heritage setting (temples, forts, forests, palaces). Setting: a golden-brown field at sunrise with a wooden plough, oxen, farmers and a soft glow rising from the furrow. Characters — Janak: wise king with a grey beard, simple saffron robe over royal clothes, modest gold crown, kind eyes. Action: King Janak kneels in the furrow and gently lifts a glowing baby girl wrapped in a golden cloth, farmers watch in wonder. Expressions: Janak: amazed and tender; farmers: awed. Camera: medium-close shot, golden glow. Landscape 16:9, 2816x1536 px. NO text, NO captions, NO letters, NO watermark, no logo. Child-friendly: no blood, no gore, no frightening faces. Battle scenes show only calm tension, never violence. Keep each character's face, hair, clothes and colours EXACTLY the same as in scene 1 of this story (use the scene 1 image as the reference image for every later scene).
A50: 49 | B50: No | C50: J/3 — Janak · loving-proud | D50: art/scenes/J/3.webp | E50: Use art/scenes/J/1.webp | F50: 3D animated cartoon style, like a Pixar-quality children's movie still: big expressive eyes, soft rounded shapes, warm cinematic lighting, rich saturated colours, vibrant Indian heritage setting (temples, forts, forests, palaces). Setting: a palace garden in Mithila with a flower swing and peacocks, bright day. Characters — Janak: wise king with a grey beard, simple saffron robe over royal clothes, modest gold crown, kind eyes. Queen Sita: graceful Sita, long dark hair with a flower, soft yellow and pink saree with a gold border, gentle strong face, a lotus in her hand. Action: King Janak pushes a smiling young Sita (age 8) on a flower-decked swing while Queen Sunayana claps. Expressions: Sita: laughing; Janak: proud and loving. Camera: wide cheerful shot. Landscape 16:9, 2816x1536 px. NO text, NO captions, NO letters, NO watermark, no logo. Child-friendly: no blood, no gore, no frightening faces. Battle scenes show only calm tension, never violence. Keep each character's face, hair, clothes and colours EXACTLY the same as in scene 1 of this story (use the scene 1 image as the reference image for every later scene).
A51: 50 | B51: No | C51: J/4 — Janak · festive-curious | D51: art/scenes/J/4.webp | E51: Use art/scenes/J/1.webp | F51: 3D animated cartoon style, like a Pixar-quality children's movie still: big expressive eyes, soft rounded shapes, warm cinematic lighting, rich saturated colours, vibrant Indian heritage setting (temples, forts, forests, palaces). Setting: the swayamvara hall of Mithila with golden pillars and flower garlands, kings sitting around, a huge ornate bow on a decorated platform. Characters — Janak: wise king with a grey beard, simple saffron robe over royal clothes, modest gold crown, kind eyes. Action: King Janak stands beside the huge bow gesturing to the kings; several strong kings strain but fail, looking embarrassed in a gentle comedic way. Expressions: Janak: patient and hopeful; kings: puzzled. Camera: wide hall shot with the bow in the centre. Landscape 16:9, 2816x1536 px. NO text, NO captions, NO letters, NO watermark, no logo. Child-friendly: no blood, no gore, no frightening faces. Battle scenes show only calm tension, never violence. Keep each character's face, hair, clothes and colours EXACTLY the same as in scene 1 of this story (use the scene 1 image as the reference image for every later scene).
A52: 51 | B52: No | C52: J/5 — Janak · joyful-blessing | D52: art/scenes/J/5.webp | E52: Use art/scenes/J/1.webp | F52: 3D animated cartoon style, like a Pixar-quality children's movie still: big expressive eyes, soft rounded shapes, warm cinematic lighting, rich saturated colours, vibrant Indian heritage setting (temples, forts, forests, palaces). Setting: a flower-decorated wedding mandap in Mithila with lamps and marigolds. Characters — Janak: wise king with a grey beard, simple saffron robe over royal clothes, modest gold crown, kind eyes. Ram: blue-skinned Lord Ram, calm gentle smile, golden crown, saffron-yellow dhoti, a long bow, noble face. During exile: matted hair topknot and simple bark-cloth clothes. Queen Sita: graceful Sita, long dark hair with a flower, soft yellow and pink saree with a gold border, gentle strong face, a lotus in her hand. Action: Ram and Sita stand together with flower garlands while King Janak blesses them with raised hands and a loving smile. Expressions: Janak: joyful; Ram and Sita: shy and happy. Camera: medium shot, warm festive glow. Landscape 16:9, 2816x1536 px. NO text, NO captions, NO letters, NO watermark, no logo. Child-friendly: no blood, no gore, no frightening faces. Battle scenes show only calm tension, never violence. Keep each character's face, hair, clothes and colours EXACTLY the same as in scene 1 of this story (use the scene 1 image as the reference image for every later scene).
A53: 52 | B53: No | C53: K/1 — Krishna · tender-miraculous | D53: art/scenes/K/1.webp | F53: 3D animated cartoon style, like a Pixar-quality children's movie still: big expressive eyes, soft rounded shapes, warm cinematic lighting, rich saturated colours, vibrant Indian heritage setting (temples, forts, forests, palaces). Setting: the Yamuna river at night with a glowing full moon, a basket carried across the water, Mathura in the distance. Characters — Krishna: blue-skinned Lord Krishna, gentle smile, large lotus-shaped eyes, golden crown with a peacock feather, yellow pitambar dhoti, flower garland, gold ornaments, a bamboo flute. As a child (age 5): same face, round cheeks, small peacock feather, butter on his cheeks. As charioteer he holds the reins of four white horses. Action: Vasudev carefully carries baby Krishna in a basket across the shallow river under a large protective multi-headed snake canopy and a glowing moon. Expressions: baby Krishna: peaceful smile; Vasudev: hopeful and loving. Camera: medium wide shot with moonlight reflecting on the water. Landscape 16:9, 2816x1536 px. NO text, NO captions, NO letters, NO watermark, no logo. Child-friendly: no blood, no gore, no frightening faces. Battle scenes show only calm tension, never violence.
A54: 53 | B54: No | C54: K/2 — Krishna · mischievous-sweet | D54: art/scenes/K/2.webp | E54: Use art/scenes/K/1.webp | F54: 3D animated cartoon style, like a Pixar-quality children's movie still: big expressive eyes, soft rounded shapes, warm cinematic lighting, rich saturated colours, vibrant Indian heritage setting (temples, forts, forests, palaces). Setting: a rustic Gokul kitchen with clay pots hanging from the ceiling, sunlight through a window. Characters — Krishna: blue-skinned Lord Krishna, gentle smile, large lotus-shaped eyes, golden crown with a peacock feather, yellow pitambar dhoti, flower garland, gold ornaments, a bamboo flute. As a child (age 5): same face, round cheeks, small peacock feather, butter on his cheeks. As charioteer he holds the reins of four white horses. Action: child Krishna stands on his friend's shoulders reaching into a hanging butter pot, butter on his cheeks, while Mother Yashoda stands with a ladle pretending to scold with a smile. Expressions: Krishna: cheeky grin; Yashoda: amused, loving. Camera: medium shot, warm kitchen light. Landscape 16:9, 2816x1536 px. NO text, NO captions, NO letters, NO watermark, no logo. Child-friendly: no blood, no gore, no frightening faces. Battle scenes show only calm tension, never violence. Keep each character's face, hair, clothes and colours EXACTLY the same as in scene 1 of this story (use the scene 1 image as the reference image for every later scene).
A55: 54 | B55: No | C55: K/3 — Krishna · musical-friendly | D55: art/scenes/K/3.webp | E55: Use art/scenes/K/1.webp | F55: 3D animated cartoon style, like a Pixar-quality children's movie still: big expressive eyes, soft rounded shapes, warm cinematic lighting, rich saturated colours, vibrant Indian heritage setting (temples, forts, forests, palaces). Setting: the banks of the Yamuna with kadamba trees, green grass, sunset glow, cows and peacocks. Characters — Krishna: blue-skinned Lord Krishna, gentle smile, large lotus-shaped eyes, golden crown with a peacock feather, yellow pitambar dhoti, flower garland, gold ornaments, a bamboo flute. As a child (age 5): same face, round cheeks, small peacock feather, butter on his cheeks. As charioteer he holds the reins of four white horses. Action: Krishna stands cross-legged under a kadamba tree playing the flute, peacocks dancing and cows listening, gopa friends sitting around. Expressions: Krishna: serene joy; animals and friends: enchanted. Camera: wide shot with golden evening light. Landscape 16:9, 2816x1536 px. NO text, NO captions, NO letters, NO watermark, no logo. Child-friendly: no blood, no gore, no frightening faces. Battle scenes show only calm tension, never violence. Keep each character's face, hair, clothes and colours EXACTLY the same as in scene 1 of this story (use the scene 1 image as the reference image for every later scene).
A56: 55 | B56: No | C56: K/4 — Krishna · brave-calm | D56: art/scenes/K/4.webp | E56: Use art/scenes/K/1.webp | F56: 3D animated cartoon style, like a Pixar-quality children's movie still: big expressive eyes, soft rounded shapes, warm cinematic lighting, rich saturated colours, vibrant Indian heritage setting (temples, forts, forests, palaces). Setting: the Yamuna river with clear blue water, a giant friendly-looking multi-hooded serpent, villagers watching from the bank. Characters — Krishna: blue-skinned Lord Krishna, gentle smile, large lotus-shaped eyes, golden crown with a peacock feather, yellow pitambar dhoti, flower garland, gold ornaments, a bamboo flute. As a child (age 5): same face, round cheeks, small peacock feather, butter on his cheeks. As charioteer he holds the reins of four white horses. Action: child Krishna dances gracefully on the serpent's heads, one foot raised, flute in hand, the water sparkling. Expressions: Krishna: calm dancing smile; Kaliya: humble; villagers: anxious then relieved. Camera: wide dynamic shot with sparkling water. Landscape 16:9, 2816x1536 px. NO text, NO captions, NO letters, NO watermark, no logo. Child-friendly: no blood, no gore, no frightening faces. Battle scenes show only calm tension, never violence. Keep each character's face, hair, clothes and colours EXACTLY the same as in scene 1 of this story (use the scene 1 image as the reference image for every later scene).
A57: 56 | B57: No | C57: K/5 — Krishna · wise-loving | D57: art/scenes/K/5.webp | E57: Use art/scenes/K/1.webp | F57: 3D animated cartoon style, like a Pixar-quality children's movie still: big expressive eyes, soft rounded shapes, warm cinematic lighting, rich saturated colours, vibrant Indian heritage setting (temples, forts, forests, palaces). Setting: the golden palace of Dwarka with white marble steps and sea breeze, soft sunlight. Characters — Krishna: blue-skinned Lord Krishna, gentle smile, large lotus-shaped eyes, golden crown with a peacock feather, yellow pitambar dhoti, flower garland, gold ornaments, a bamboo flute. As a child (age 5): same face, round cheeks, small peacock feather, butter on his cheeks. As charioteer he holds the reins of four white horses. Action: Krishna warmly hugs a thin humble Sudama in simple clothes at the palace gate, a small bundle of puffed rice in Sudama's hand. Expressions: Krishna: tender and joyful; Sudama: shy tears of happiness. Camera: warm medium shot. Landscape 16:9, 2816x1536 px. NO text, NO captions, NO letters, NO watermark, no logo. Child-friendly: no blood, no gore, no frightening faces. Battle scenes show only calm tension, never violence. Keep each character's face, hair, clothes and colours EXACTLY the same as in scene 1 of this story (use the scene 1 image as the reference image for every later scene).
A58: 57 | B58: No | C58: L/1 — Laxman · warm-playful | D58: art/scenes/L/1.webp | F58: 3D animated cartoon style, like a Pixar-quality children's movie still: big expressive eyes, soft rounded shapes, warm cinematic lighting, rich saturated colours, vibrant Indian heritage setting (temples, forts, forests, palaces). Setting: palace garden of Ayodhya with flower beds and a fountain, bright morning. Characters — Laxman: young prince with golden-brown skin, hair in a topknot, simple yellow-green forest robes, a bow and quiver, alert loyal eyes. Ram: blue-skinned Lord Ram, calm gentle smile, golden crown, saffron-yellow dhoti, a long bow, noble face. During exile: matted hair topknot and simple bark-cloth clothes. Action: child Ram and child Laxman (age 8) run hand in hand with small wooden bows, laughing. Expressions: both: joyful, bright eyes. Camera: wide cheerful shot at child level. Landscape 16:9, 2816x1536 px. NO text, NO captions, NO letters, NO watermark, no logo. Child-friendly: no blood, no gore, no frightening faces. Battle scenes show only calm tension, never violence.
A59: 58 | B59: No | C59: L/2 — Laxman · loyal-determined | D59: art/scenes/L/2.webp | E59: Use art/scenes/L/1.webp | F59: 3D animated cartoon style, like a Pixar-quality children's movie still: big expressive eyes, soft rounded shapes, warm cinematic lighting, rich saturated colours, vibrant Indian heritage setting (temples, forts, forests, palaces). Setting: the city gate of Ayodhya at dawn with citizens bidding farewell, a forest road ahead. Characters — Laxman: young prince with golden-brown skin, hair in a topknot, simple yellow-green forest robes, a bow and quiver, alert loyal eyes. Ram: blue-skinned Lord Ram, calm gentle smile, golden crown, saffron-yellow dhoti, a long bow, noble face. During exile: matted hair topknot and simple bark-cloth clothes. Queen Sita: graceful Sita, long dark hair with a flower, soft yellow and pink saree with a gold border, gentle strong face, a lotus in her hand. Action: Ram, Sita and Laxman in simple forest clothes walk out of the city, Laxman holding his bow and looking firmly ahead. Expressions: Laxman: resolute and loyal; Ram: calm; Sita: gentle. Camera: wide shot as they walk away toward the forest. Landscape 16:9, 2816x1536 px. NO text, NO captions, NO letters, NO watermark, no logo. Child-friendly: no blood, no gore, no frightening faces. Battle scenes show only calm tension, never violence. Keep each character's face, hair, clothes and colours EXACTLY the same as in scene 1 of this story (use the scene 1 image as the reference image for every later scene).
A60: 59 | B60: No | C60: L/3 — Laxman · alert-caring | D60: art/scenes/L/3.webp | E60: Use art/scenes/L/1.webp | F60: 3D animated cartoon style, like a Pixar-quality children's movie still: big expressive eyes, soft rounded shapes, warm cinematic lighting, rich saturated colours, vibrant Indian heritage setting (temples, forts, forests, palaces). Setting: a forest hut of leaves and bamboo at night, a campfire glowing, stars in the sky. Characters — Laxman: young prince with golden-brown skin, hair in a topknot, simple yellow-green forest robes, a bow and quiver, alert loyal eyes. Action: Laxman stands alert with his bow near the hut door while Ram and Sita rest peacefully inside. Expressions: Laxman: watchful, caring. Camera: medium shot, warm fire glow and starry sky. Landscape 16:9, 2816x1536 px. NO text, NO captions, NO letters, NO watermark, no logo. Child-friendly: no blood, no gore, no frightening faces. Battle scenes show only calm tension, never violence. Keep each character's face, hair, clothes and colours EXACTLY the same as in scene 1 of this story (use the scene 1 image as the reference image for every later scene).
A61: 60 | B61: No | C61: L/4 — Laxman · brave-resolute | D61: art/scenes/L/4.webp | E61: Use art/scenes/L/1.webp | F61: 3D animated cartoon style, like a Pixar-quality children's movie still: big expressive eyes, soft rounded shapes, warm cinematic lighting, rich saturated colours, vibrant Indian heritage setting (temples, forts, forests, palaces). Setting: a camp at the edge of a battlefield at dawn, with a glowing herb in Hanuman's hand, no violence shown. Characters — Laxman: young prince with golden-brown skin, hair in a topknot, simple yellow-green forest robes, a bow and quiver, alert loyal eyes. Ram: blue-skinned Lord Ram, calm gentle smile, golden crown, saffron-yellow dhoti, a long bow, noble face. During exile: matted hair topknot and simple bark-cloth clothes. Hanuman: mighty Hanuman with a golden-orange furry body and a monkey face, red mace (gada) on his shoulder, golden crown and earrings, red loincloth, long tail, kind devoted eyes. Action: Ram gently holds Laxman's head as Hanuman places a glowing herb near him; Laxman slowly opens his eyes with a faint smile. Expressions: Ram: tender relief; Laxman: weak smile; Hanuman: hopeful. Camera: close medium shot, soft golden light. Landscape 16:9, 2816x1536 px. NO text, NO captions, NO letters, NO watermark, no logo. Child-friendly: no blood, no gore, no frightening faces. Battle scenes show only calm tension, never violence. Keep each character's face, hair, clothes and colours EXACTLY the same as in scene 1 of this story (use the scene 1 image as the reference image for every later scene).
A62: 61 | B62: No | C62: L/5 — Laxman · happy-grateful | D62: art/scenes/L/5.webp | E62: Use art/scenes/L/1.webp | F62: 3D animated cartoon style, like a Pixar-quality children's movie still: big expressive eyes, soft rounded shapes, warm cinematic lighting, rich saturated colours, vibrant Indian heritage setting (temples, forts, forests, palaces). Setting: Ayodhya at night decorated with thousands of diyas, a joyful crowd throwing petals. Characters — Laxman: young prince with golden-brown skin, hair in a topknot, simple yellow-green forest robes, a bow and quiver, alert loyal eyes. Ram: blue-skinned Lord Ram, calm gentle smile, golden crown, saffron-yellow dhoti, a long bow, noble face. During exile: matted hair topknot and simple bark-cloth clothes. Queen Sita: graceful Sita, long dark hair with a flower, soft yellow and pink saree with a gold border, gentle strong face, a lotus in her hand. Action: Ram, Sita and Laxman ride in a flower-decorated chariot through the city welcomed by people holding lamps. Expressions: all three: radiant joy; crowd: celebrating. Camera: wide festive shot with glowing lights. Landscape 16:9, 2816x1536 px. NO text, NO captions, NO letters, NO watermark, no logo. Child-friendly: no blood, no gore, no frightening faces. Battle scenes show only calm tension, never violence. Keep each character's face, hair, clothes and colours EXACTLY the same as in scene 1 of this story (use the scene 1 image as the reference image for every later scene).
A63: 62 | B63: No | C63: M/1 — Meera · innocent-loving | D63: art/scenes/M/1.webp | F63: 3D animated cartoon style, like a Pixar-quality children's movie still: big expressive eyes, soft rounded shapes, warm cinematic lighting, rich saturated colours, vibrant Indian heritage setting (temples, forts, forests, palaces). Setting: a Rajasthani haveli courtyard with arches, a small shrine and morning sun. Characters — Meera: young Rajasthani queen-saint, long dark hair, white and pink saree with a gold border, tulsi garland, holds an ektara (one-stringed instrument), joyful devoted face. Action: little Meera (age 6) sits before a small Krishna idol, offers it a tiny bowl of food and smiles as if listening to a friend. Expressions: pure joy and innocence. Camera: gentle medium shot, golden morning light. Landscape 16:9, 2816x1536 px. NO text, NO captions, NO letters, NO watermark, no logo. Child-friendly: no blood, no gore, no frightening faces. Battle scenes show only calm tension, never violence.
A64: 63 | B64: No | C64: M/2 — Meera · joyful-musical | D64: art/scenes/M/2.webp | E64: Use art/scenes/M/1.webp | F64: 3D animated cartoon style, like a Pixar-quality children's movie still: big expressive eyes, soft rounded shapes, warm cinematic lighting, rich saturated colours, vibrant Indian heritage setting (temples, forts, forests, palaces). Setting: a palace temple room with lamps, flowers and a Krishna idol, soft evening light. Characters — Meera: young Rajasthani queen-saint, long dark hair, white and pink saree with a gold border, tulsi garland, holds an ektara (one-stringed instrument), joyful devoted face. Action: Meera plays her ektara and sings with eyes half closed, dancing a gentle step; women listen with folded hands. Expressions: Meera: blissful devotion; listeners: peaceful. Camera: medium shot with warm lamp glow. Landscape 16:9, 2816x1536 px. NO text, NO captions, NO letters, NO watermark, no logo. Child-friendly: no blood, no gore, no frightening faces. Battle scenes show only calm tension, never violence. Keep each character's face, hair, clothes and colours EXACTLY the same as in scene 1 of this story (use the scene 1 image as the reference image for every later scene).
A65: 64 | B65: No | C65: M/3 — Meera · steady-brave | D65: art/scenes/M/3.webp | E65: Use art/scenes/M/1.webp | F65: 3D animated cartoon style, like a Pixar-quality children's movie still: big expressive eyes, soft rounded shapes, warm cinematic lighting, rich saturated colours, vibrant Indian heritage setting (temples, forts, forests, palaces). Setting: a Mewar palace hall with carved pillars and lamps, evening light. Characters — Meera: young Rajasthani queen-saint, long dark hair, white and pink saree with a gold border, tulsi garland, holds an ektara (one-stringed instrument), joyful devoted face. Action: Meera sits calmly in front of her Krishna idol, eyes closed, folded hands, while shadows of disapproving courtiers fall softly across the floor. Expressions: calm, strong and fearless. Camera: medium shot with a glowing light around her. Landscape 16:9, 2816x1536 px. NO text, NO captions, NO letters, NO watermark, no logo. Child-friendly: no blood, no gore, no frightening faces. Battle scenes show only calm tension, never violence. Keep each character's face, hair, clothes and colours EXACTLY the same as in scene 1 of this story (use the scene 1 image as the reference image for every later scene).
A66: 65 | B66: No | C66: M/4 — Meera · free-joyful | D66: art/scenes/M/4.webp | E66: Use art/scenes/M/1.webp | F66: 3D animated cartoon style, like a Pixar-quality children's movie still: big expressive eyes, soft rounded shapes, warm cinematic lighting, rich saturated colours, vibrant Indian heritage setting (temples, forts, forests, palaces). Setting: Vrindavan groves with kadamba trees and peacocks at golden hour, Yamuna in the background. Characters — Meera: young Rajasthani queen-saint, long dark hair, white and pink saree with a gold border, tulsi garland, holds an ektara (one-stringed instrument), joyful devoted face. Action: Meera walks along the Yamuna bank with her ektara among sadhus, smiling at the sky. Expressions: free, radiant, peaceful. Camera: wide shot with long evening shadows. Landscape 16:9, 2816x1536 px. NO text, NO captions, NO letters, NO watermark, no logo. Child-friendly: no blood, no gore, no frightening faces. Battle scenes show only calm tension, never violence. Keep each character's face, hair, clothes and colours EXACTLY the same as in scene 1 of this story (use the scene 1 image as the reference image for every later scene).
A67: 66 | B67: No | C67: M/5 — Meera · timeless-peace | D67: art/scenes/M/5.webp | E67: Use art/scenes/M/1.webp | F67: 3D animated cartoon style, like a Pixar-quality children's movie still: big expressive eyes, soft rounded shapes, warm cinematic lighting, rich saturated colours, vibrant Indian heritage setting (temples, forts, forests, palaces). Setting: a dreamy twilight sky with soft clouds and a glowing temple below, lotus petals floating. Characters — Meera: young Rajasthani queen-saint, long dark hair, white and pink saree with a gold border, tulsi garland, holds an ektara (one-stringed instrument), joyful devoted face. Krishna: blue-skinned Lord Krishna, gentle smile, large lotus-shaped eyes, golden crown with a peacock feather, yellow pitambar dhoti, flower garland, gold ornaments, a bamboo flute. As a child (age 5): same face, round cheeks, small peacock feather, butter on his cheeks. As charioteer he holds the reins of four white horses. Action: Meera sings with her ektara while a soft, gentle vision of little Krishna with a flute smiles at her from the glowing clouds; below, families sing bhajans in a temple. Expressions: Meera: tender bliss; Krishna: loving smile. Camera: wide dreamy shot, soft pink-gold light. Landscape 16:9, 2816x1536 px. NO text, NO captions, NO letters, NO watermark, no logo. Child-friendly: no blood, no gore, no frightening faces. Battle scenes show only calm tension, never violence. Keep each character's face, hair, clothes and colours EXACTLY the same as in scene 1 of this story (use the scene 1 image as the reference image for every later scene).
A68: 67 | B68: No | C68: N/1 — Narad · cheerful-floating | D68: art/scenes/N/1.webp | F68: 3D animated cartoon style, like a Pixar-quality children's movie still: big expressive eyes, soft rounded shapes, warm cinematic lighting, rich saturated colours, vibrant Indian heritage setting (temples, forts, forests, palaces). Setting: a cloud-filled sky at sunrise with stars fading, a heavenly golden glow. Characters — Narad: celestial sage, white beard, matted topknot, saffron robes, rudraksh garland, holds a veena and small cymbals, often floating lightly on a cloud. Action: Narad floats lightly on a cloud strumming his veena, with one hand raised in greeting. Expressions: cheerful, light and friendly. Camera: wide sky shot with sunrise colours. Landscape 16:9, 2816x1536 px. NO text, NO captions, NO letters, NO watermark, no logo. Child-friendly: no blood, no gore, no frightening faces. Battle scenes show only calm tension, never violence.
A69: 68 | B69: No | C69: N/2 — Narad · gentle-guiding | D69: art/scenes/N/2.webp | E69: Use art/scenes/N/1.webp | F69: 3D animated cartoon style, like a Pixar-quality children's movie still: big expressive eyes, soft rounded shapes, warm cinematic lighting, rich saturated colours, vibrant Indian heritage setting (temples, forts, forests, palaces). Setting: a quiet green forest with a stream and soft sunlight. Characters — Narad: celestial sage, white beard, matted topknot, saffron robes, rudraksh garland, holds a veena and small cymbals, often floating lightly on a cloud. Action: Narad sits beside little Dhruv (age 5, simple clothes, a tiny crown-less boy) and softly teaches him with a hand blessing over his head. Expressions: Narad: loving and patient; Dhruv: listening seriously. Camera: medium shot at child level, dappled light. Landscape 16:9, 2816x1536 px. NO text, NO captions, NO letters, NO watermark, no logo. Child-friendly: no blood, no gore, no frightening faces. Battle scenes show only calm tension, never violence. Keep each character's face, hair, clothes and colours EXACTLY the same as in scene 1 of this story (use the scene 1 image as the reference image for every later scene).
A70: 69 | B70: No | C70: N/3 — Narad · wise-shining | D70: art/scenes/N/3.webp | E70: Use art/scenes/N/1.webp | F70: 3D animated cartoon style, like a Pixar-quality children's movie still: big expressive eyes, soft rounded shapes, warm cinematic lighting, rich saturated colours, vibrant Indian heritage setting (temples, forts, forests, palaces). Setting: a calm hermitage with a mango tree and a lit lamp at dusk. Characters — Narad: celestial sage, white beard, matted topknot, saffron robes, rudraksh garland, holds a veena and small cymbals, often floating lightly on a cloud. Action: Narad sits with a gentle woman (Prahlad's mother, in a simple saree) speaking softly with a veena beside him, a soft glow around her. Expressions: Narad: warm and reassuring; mother: peaceful. Camera: medium shot with a soft glow. Landscape 16:9, 2816x1536 px. NO text, NO captions, NO letters, NO watermark, no logo. Child-friendly: no blood, no gore, no frightening faces. Battle scenes show only calm tension, never violence. Keep each character's face, hair, clothes and colours EXACTLY the same as in scene 1 of this story (use the scene 1 image as the reference image for every later scene).
A71: 70 | B71: No | C71: N/4 — Narad · inspiring-creative | D71: art/scenes/N/4.webp | E71: Use art/scenes/N/1.webp | F71: 3D animated cartoon style, like a Pixar-quality children's movie still: big expressive eyes, soft rounded shapes, warm cinematic lighting, rich saturated colours, vibrant Indian heritage setting (temples, forts, forests, palaces). Setting: Valmiki's hermitage on the bank of the river Tamasa, morning light and green trees. Characters — Narad: celestial sage, white beard, matted topknot, saffron robes, rudraksh garland, holds a veena and small cymbals, often floating lightly on a cloud. Action: Narad sits with sage Valmiki (white beard, saffron robes) telling the story with open hands while Valmiki listens with wonder and a palm-leaf scroll beside him. Expressions: Narad: storytelling joy; Valmiki: inspired. Camera: medium two-shot, warm morning light. Landscape 16:9, 2816x1536 px. NO text, NO captions, NO letters, NO watermark, no logo. Child-friendly: no blood, no gore, no frightening faces. Battle scenes show only calm tension, never violence. Keep each character's face, hair, clothes and colours EXACTLY the same as in scene 1 of this story (use the scene 1 image as the reference image for every later scene).
A72: 71 | B72: No | C72: N/5 — Narad · musical-happy | D72: art/scenes/N/5.webp | E72: Use art/scenes/N/1.webp | F72: 3D animated cartoon style, like a Pixar-quality children's movie still: big expressive eyes, soft rounded shapes, warm cinematic lighting, rich saturated colours, vibrant Indian heritage setting (temples, forts, forests, palaces). Setting: a village at sunset where families sit together outside, lanterns glowing. Characters — Narad: celestial sage, white beard, matted topknot, saffron robes, rudraksh garland, holds a veena and small cymbals, often floating lightly on a cloud. Action: Narad sits among villagers on a mat playing the veena and singing while children clap along. Expressions: Narad: happy; villagers: delighted. Camera: wide warm village shot. Landscape 16:9, 2816x1536 px. NO text, NO captions, NO letters, NO watermark, no logo. Child-friendly: no blood, no gore, no frightening faces. Battle scenes show only calm tension, never violence. Keep each character's face, hair, clothes and colours EXACTLY the same as in scene 1 of this story (use the scene 1 image as the reference image for every later scene).
A73: 72 | B73: No | C73: O/1 — Om · mystical-calm | D73: art/scenes/O/1.webp | F73: 3D animated cartoon style, like a Pixar-quality children's movie still: big expressive eyes, soft rounded shapes, warm cinematic lighting, rich saturated colours, vibrant Indian heritage setting (temples, forts, forests, palaces). Setting: a deep blue cosmic sky full of soft stars and swirling golden light, a calm lake reflecting it below. Characters — Tapasya: elderly sage with long white hair and beard, saffron cloth, sitting in lotus position with closed eyes, rudraksh beads, a glowing peaceful aura. Action: a glowing golden Om symbol rises slowly above the water, light rays spreading; a sage sits by the lake shore watching with folded hands. Expressions: sage: wonder and peace. Camera: wide calm shot with the golden Om in the centre. Landscape 16:9, 2816x1536 px. NO text, NO captions, NO letters, NO watermark, no logo. Child-friendly: no blood, no gore, no frightening faces. Battle scenes show only calm tension, never violence.
A74: 73 | B74: No | C74: O/2 — Om · curious-learning | D74: art/scenes/O/2.webp | E74: Use art/scenes/O/1.webp | F74: 3D animated cartoon style, like a Pixar-quality children's movie still: big expressive eyes, soft rounded shapes, warm cinematic lighting, rich saturated colours, vibrant Indian heritage setting (temples, forts, forests, palaces). Setting: a hermitage clearing with three glowing golden circles in the air, each carrying a soft light. Characters — Tapasya: elderly sage with long white hair and beard, saffron cloth, sitting in lotus position with closed eyes, rudraksh beads, a glowing peaceful aura. Action: a sage points at three glowing light circles labelled by their glow (no text) while three children watch and say the sounds with open mouths. Expressions: sage: patient teacher; children: curious. Camera: medium shot, bright and friendly. Landscape 16:9, 2816x1536 px. NO text, NO captions, NO letters, NO watermark, no logo. Child-friendly: no blood, no gore, no frightening faces. Battle scenes show only calm tension, never violence. Keep each character's face, hair, clothes and colours EXACTLY the same as in scene 1 of this story (use the scene 1 image as the reference image for every later scene).
A75: 74 | B75: No | C75: O/3 — Om · calm-practice | D75: art/scenes/O/3.webp | E75: Use art/scenes/O/1.webp | F75: 3D animated cartoon style, like a Pixar-quality children's movie still: big expressive eyes, soft rounded shapes, warm cinematic lighting, rich saturated colours, vibrant Indian heritage setting (temples, forts, forests, palaces). Setting: a cosy family living room with a small lit diya and soft morning sun. Characters — Worship (Puja): a happy Indian child (age 7) in a simple kurta, folded hands, in front of a lit diya, a brass puja thali with flowers and incense. Action: a child sits cross-legged with eyes closed and hands on knees, a soft golden ripple of sound waves floating from the mouth, a grandmother sits next to them doing the same. Expressions: child: calm and focused; grandmother: serene smile. Camera: medium shot, cosy warm light. Landscape 16:9, 2816x1536 px. NO text, NO captions, NO letters, NO watermark, no logo. Child-friendly: no blood, no gore, no frightening faces. Battle scenes show only calm tension, never violence. Keep each character's face, hair, clothes and colours EXACTLY the same as in scene 1 of this story (use the scene 1 image as the reference image for every later scene).
A76: 75 | B76: No | C76: O/4 — Om · peaceful-focused | D76: art/scenes/O/4.webp | E76: Use art/scenes/O/1.webp | F76: 3D animated cartoon style, like a Pixar-quality children's movie still: big expressive eyes, soft rounded shapes, warm cinematic lighting, rich saturated colours, vibrant Indian heritage setting (temples, forts, forests, palaces). Setting: a child's study desk by a window with books, a plant and a small diya, morning light. Characters — Worship (Puja): a happy Indian child (age 7) in a simple kurta, folded hands, in front of a lit diya, a brass puja thali with flowers and incense. Action: the child closes eyes for a moment and chants, then opens eyes with a bright smile and picks up a book. Expressions: calm, then bright and ready. Camera: medium shot with soft sunlight. Landscape 16:9, 2816x1536 px. NO text, NO captions, NO letters, NO watermark, no logo. Child-friendly: no blood, no gore, no frightening faces. Battle scenes show only calm tension, never violence. Keep each character's face, hair, clothes and colours EXACTLY the same as in scene 1 of this story (use the scene 1 image as the reference image for every later scene).
A77: 76 | B77: No | C77: O/5 — Om · united-joyful | D77: art/scenes/O/5.webp | E77: Use art/scenes/O/1.webp | F77: 3D animated cartoon style, like a Pixar-quality children's movie still: big expressive eyes, soft rounded shapes, warm cinematic lighting, rich saturated colours, vibrant Indian heritage setting (temples, forts, forests, palaces). Setting: a bright temple courtyard at sunrise where people of all ages sit in rows, a golden Om glowing over the temple. Characters — Tapasya: elderly sage with long white hair and beard, saffron cloth, sitting in lotus position with closed eyes, rudraksh beads, a glowing peaceful aura. Action: families, elders and children chant together with folded hands, a soft golden Om symbol glowing above them. Expressions: everyone: peaceful and united. Camera: wide uplifting shot at sunrise. Landscape 16:9, 2816x1536 px. NO text, NO captions, NO letters, NO watermark, no logo. Child-friendly: no blood, no gore, no frightening faces. Battle scenes show only calm tension, never violence. Keep each character's face, hair, clothes and colours EXACTLY the same as in scene 1 of this story (use the scene 1 image as the reference image for every later scene).
A78: 77 | B78: No | C78: P/1 — Prahlad · pure-sweet | D78: art/scenes/P/1.webp | F78: 3D animated cartoon style, like a Pixar-quality children's movie still: big expressive eyes, soft rounded shapes, warm cinematic lighting, rich saturated colours, vibrant Indian heritage setting (temples, forts, forests, palaces). Setting: a school courtyard under a peepal tree in a royal city, sunny morning. Characters — Prahlad: little boy about 7, bright eyes, small gold crown, yellow dhoti, tulsi garland, folded hands, innocent brave face. Action: little Prahlad sits among his friends with folded hands, eyes shining, singing Narayan's name while others clap. Expressions: joyful devotion. Camera: medium shot at child level. Landscape 16:9, 2816x1536 px. NO text, NO captions, NO letters, NO watermark, no logo. Child-friendly: no blood, no gore, no frightening faces. Battle scenes show only calm tension, never violence.
A79: 78 | B79: No | C79: P/2 — Prahlad · tense-brave | D79: art/scenes/P/2.webp | E79: Use art/scenes/P/1.webp | F79: 3D animated cartoon style, like a Pixar-quality children's movie still: big expressive eyes, soft rounded shapes, warm cinematic lighting, rich saturated colours, vibrant Indian heritage setting (temples, forts, forests, palaces). Setting: a grand but gloomy royal court with tall pillars and torches. Characters — Prahlad: little boy about 7, bright eyes, small gold crown, yellow dhoti, tulsi garland, folded hands, innocent brave face. Action: a tall angry king in a heavy crown (Hiranyakashipu, stern but not scary) points a finger while little Prahlad stands steady with folded hands. Expressions: king: stern; Prahlad: calm, fearless. Camera: low-angle shot of the king, then Prahlad small but centred. Landscape 16:9, 2816x1536 px. NO text, NO captions, NO letters, NO watermark, no logo. Child-friendly: no blood, no gore, no frightening faces. Battle scenes show only calm tension, never violence. Keep each character's face, hair, clothes and colours EXACTLY the same as in scene 1 of this story (use the scene 1 image as the reference image for every later scene).
A80: 79 | B80: No | C80: P/3 — Prahlad · steady-trusting | D80: art/scenes/P/3.webp | E80: Use art/scenes/P/1.webp | F80: 3D animated cartoon style, like a Pixar-quality children's movie still: big expressive eyes, soft rounded shapes, warm cinematic lighting, rich saturated colours, vibrant Indian heritage setting (temples, forts, forests, palaces). Setting: a palace garden at dusk with a soft divine glow surrounding the boy. Characters — Prahlad: little boy about 7, bright eyes, small gold crown, yellow dhoti, tulsi garland, folded hands, innocent brave face. Action: Prahlad sits calmly in meditation, a gentle golden light shielding him as storms and shadows pass harmlessly around. Expressions: peaceful, trusting. Camera: medium shot, glowing aura. Landscape 16:9, 2816x1536 px. NO text, NO captions, NO letters, NO watermark, no logo. Child-friendly: no blood, no gore, no frightening faces. Battle scenes show only calm tension, never violence. Keep each character's face, hair, clothes and colours EXACTLY the same as in scene 1 of this story (use the scene 1 image as the reference image for every later scene).
A81: 80 | B81: No | C81: P/4 — Prahlad · faith-glowing | D81: art/scenes/P/4.webp | E81: Use art/scenes/P/1.webp | F81: 3D animated cartoon style, like a Pixar-quality children's movie still: big expressive eyes, soft rounded shapes, warm cinematic lighting, rich saturated colours, vibrant Indian heritage setting (temples, forts, forests, palaces). Setting: a bonfire ground at night with villagers watching from a safe distance, golden-orange fire light. Characters — Prahlad: little boy about 7, bright eyes, small gold crown, yellow dhoti, tulsi garland, folded hands, innocent brave face. Action: Prahlad sits peacefully with folded hands in the glowing fire circle, safe and smiling, a protective soft golden light around him (no harm shown to anyone). Expressions: Prahlad: serene and smiling. Camera: medium shot with glowing fire and sparks. Landscape 16:9, 2816x1536 px. NO text, NO captions, NO letters, NO watermark, no logo. Child-friendly: no blood, no gore, no frightening faces. Battle scenes show only calm tension, never violence. Keep each character's face, hair, clothes and colours EXACTLY the same as in scene 1 of this story (use the scene 1 image as the reference image for every later scene).
A82: 81 | B82: No | C82: P/5 — Prahlad · triumphant-gentle | D82: art/scenes/P/5.webp | E82: Use art/scenes/P/1.webp | F82: 3D animated cartoon style, like a Pixar-quality children's movie still: big expressive eyes, soft rounded shapes, warm cinematic lighting, rich saturated colours, vibrant Indian heritage setting (temples, forts, forests, palaces). Setting: a grand hall with a glowing golden pillar splitting open with a bright divine light. Characters — Prahlad: little boy about 7, bright eyes, small gold crown, yellow dhoti, tulsi garland, folded hands, innocent brave face. Vishnu: blue-skinned Lord Vishnu with four arms holding a conch, a discus (Sudarshan chakra), a mace and a lotus, golden crown, yellow pitambar, flower garland. Action: a golden Narasimha form (kind and powerful) emerges from the pillar in a burst of light while little Prahlad bows with folded hands, completely unafraid. Expressions: Prahlad: radiant faith; Narasimha: protective. Camera: dramatic wide shot with golden light (no violence). Landscape 16:9, 2816x1536 px. NO text, NO captions, NO letters, NO watermark, no logo. Child-friendly: no blood, no gore, no frightening faces. Battle scenes show only calm tension, never violence. Keep each character's face, hair, clothes and colours EXACTLY the same as in scene 1 of this story (use the scene 1 image as the reference image for every later scene).
A83: 82 | B83: No | C83: Q/1 — Queen Sita · gentle-royal | D83: art/scenes/Q/1.webp | F83: 3D animated cartoon style, like a Pixar-quality children's movie still: big expressive eyes, soft rounded shapes, warm cinematic lighting, rich saturated colours, vibrant Indian heritage setting (temples, forts, forests, palaces). Setting: a green farm field at sunrise with a golden plough and a small glowing lotus bed in the soil. Characters — Queen Sita: graceful Sita, long dark hair with a flower, soft yellow and pink saree with a gold border, gentle strong face, a lotus in her hand. Janak: wise king with a grey beard, simple saffron robe over royal clothes, modest gold crown, kind eyes. Action: King Janak lifts a baby girl wrapped in a soft cloth from the soil with wonder while farmers watch happily. Expressions: Janak: amazed joy; baby: smiling. Camera: medium shot with golden sunrise light. Landscape 16:9, 2816x1536 px. NO text, NO captions, NO letters, NO watermark, no logo. Child-friendly: no blood, no gore, no frightening faces. Battle scenes show only calm tension, never violence.
A84: 83 | B84: No | C84: Q/2 — Queen Sita · joyful-ceremony | D84: art/scenes/Q/2.webp | E84: Use art/scenes/Q/1.webp | F84: 3D animated cartoon style, like a Pixar-quality children's movie still: big expressive eyes, soft rounded shapes, warm cinematic lighting, rich saturated colours, vibrant Indian heritage setting (temples, forts, forests, palaces). Setting: a grand palace hall of Mithila with flowers and lamps. Characters — Queen Sita: graceful Sita, long dark hair with a flower, soft yellow and pink saree with a gold border, gentle strong face, a lotus in her hand. Ram: blue-skinned Lord Ram, calm gentle smile, golden crown, saffron-yellow dhoti, a long bow, noble face. During exile: matted hair topknot and simple bark-cloth clothes. Action: Sita places a flower garland around Ram's neck while royal guests watch and shower petals. Expressions: Sita: shy happy smile; Ram: gentle joy. Camera: medium shot, festive golden light. Landscape 16:9, 2816x1536 px. NO text, NO captions, NO letters, NO watermark, no logo. Child-friendly: no blood, no gore, no frightening faces. Battle scenes show only calm tension, never violence. Keep each character's face, hair, clothes and colours EXACTLY the same as in scene 1 of this story (use the scene 1 image as the reference image for every later scene).
A85: 84 | B85: No | C85: Q/3 — Queen Sita · loving-brave | D85: art/scenes/Q/3.webp | E85: Use art/scenes/Q/1.webp | F85: 3D animated cartoon style, like a Pixar-quality children's movie still: big expressive eyes, soft rounded shapes, warm cinematic lighting, rich saturated colours, vibrant Indian heritage setting (temples, forts, forests, palaces). Setting: a peaceful forest hut with flowers, a little herb garden and a deer nearby. Characters — Queen Sita: graceful Sita, long dark hair with a flower, soft yellow and pink saree with a gold border, gentle strong face, a lotus in her hand. Ram: blue-skinned Lord Ram, calm gentle smile, golden crown, saffron-yellow dhoti, a long bow, noble face. During exile: matted hair topknot and simple bark-cloth clothes. Laxman: young prince with golden-brown skin, hair in a topknot, simple yellow-green forest robes, a bow and quiver, alert loyal eyes. Action: Sita waters flowers outside the hut, smiling at a baby deer, while Ram and Laxman work nearby. Expressions: Sita: content and gentle. Camera: wide cosy shot in dappled forest light. Landscape 16:9, 2816x1536 px. NO text, NO captions, NO letters, NO watermark, no logo. Child-friendly: no blood, no gore, no frightening faces. Battle scenes show only calm tension, never violence. Keep each character's face, hair, clothes and colours EXACTLY the same as in scene 1 of this story (use the scene 1 image as the reference image for every later scene).
A86: 85 | B86: No | C86: Q/4 — Queen Sita · patient-hopeful | D86: art/scenes/Q/4.webp | E86: Use art/scenes/Q/1.webp | F86: 3D animated cartoon style, like a Pixar-quality children's movie still: big expressive eyes, soft rounded shapes, warm cinematic lighting, rich saturated colours, vibrant Indian heritage setting (temples, forts, forests, palaces). Setting: Ashok Vatika garden with a tall tree and soft evening light, no guards in focus. Characters — Queen Sita: graceful Sita, long dark hair with a flower, soft yellow and pink saree with a gold border, gentle strong face, a lotus in her hand. Hanuman: mighty Hanuman with a golden-orange furry body and a monkey face, red mace (gada) on his shoulder, golden crown and earrings, red loincloth, long tail, kind devoted eyes. Action: Sita sits calmly under the tree with folded hands while tiny Hanuman peeks from the branches holding Ram's ring, with a glow of hope. Expressions: Sita: calm courage; Hanuman: gentle respect. Camera: medium shot, soft golden light. Landscape 16:9, 2816x1536 px. NO text, NO captions, NO letters, NO watermark, no logo. Child-friendly: no blood, no gore, no frightening faces. Battle scenes show only calm tension, never violence. Keep each character's face, hair, clothes and colours EXACTLY the same as in scene 1 of this story (use the scene 1 image as the reference image for every later scene).
A87: 86 | B87: No | C87: Q/5 — Queen Sita · reunion-warm | D87: art/scenes/Q/5.webp | E87: Use art/scenes/Q/1.webp | F87: 3D animated cartoon style, like a Pixar-quality children's movie still: big expressive eyes, soft rounded shapes, warm cinematic lighting, rich saturated colours, vibrant Indian heritage setting (temples, forts, forests, palaces). Setting: a flower-decorated chariot at dawn near Ayodhya with villagers waving. Characters — Queen Sita: graceful Sita, long dark hair with a flower, soft yellow and pink saree with a gold border, gentle strong face, a lotus in her hand. Ram: blue-skinned Lord Ram, calm gentle smile, golden crown, saffron-yellow dhoti, a long bow, noble face. During exile: matted hair topknot and simple bark-cloth clothes. Laxman: young prince with golden-brown skin, hair in a topknot, simple yellow-green forest robes, a bow and quiver, alert loyal eyes. Hanuman: mighty Hanuman with a golden-orange furry body and a monkey face, red mace (gada) on his shoulder, golden crown and earrings, red loincloth, long tail, kind devoted eyes. Action: Sita, Ram, Laxman and Hanuman stand together smiling, Sita holds her hands in namaste. Expressions: all: happy and relieved. Camera: wide warm shot with petals in the air. Landscape 16:9, 2816x1536 px. NO text, NO captions, NO letters, NO watermark, no logo. Child-friendly: no blood, no gore, no frightening faces. Battle scenes show only calm tension, never violence. Keep each character's face, hair, clothes and colours EXACTLY the same as in scene 1 of this story (use the scene 1 image as the reference image for every later scene).
A88: 87 | B88: No | C88: R/1 — Ram · joyful-royal | D88: art/scenes/R/1.webp | F88: 3D animated cartoon style, like a Pixar-quality children's movie still: big expressive eyes, soft rounded shapes, warm cinematic lighting, rich saturated colours, vibrant Indian heritage setting (temples, forts, forests, palaces). Setting: Ayodhya palace courtyard decorated with flowers and lamps, drums and flutes playing. Characters — Ram: blue-skinned Lord Ram, calm gentle smile, golden crown, saffron-yellow dhoti, a long bow, noble face. During exile: matted hair topknot and simple bark-cloth clothes. Action: Queen Kaushalya holds baby Ram lovingly while King Dasharath smiles and citizens shower petals. Expressions: all: joyful. Camera: medium warm shot. Landscape 16:9, 2816x1536 px. NO text, NO captions, NO letters, NO watermark, no logo. Child-friendly: no blood, no gore, no frightening faces. Battle scenes show only calm tension, never violence.
A89: 88 | B89: No | C89: R/2 — Ram · dutiful-calm | D89: art/scenes/R/2.webp | E89: Use art/scenes/R/1.webp | F89: 3D animated cartoon style, like a Pixar-quality children's movie still: big expressive eyes, soft rounded shapes, warm cinematic lighting, rich saturated colours, vibrant Indian heritage setting (temples, forts, forests, palaces). Setting: the Ayodhya city gate at sunrise with people gathered. Characters — Ram: blue-skinned Lord Ram, calm gentle smile, golden crown, saffron-yellow dhoti, a long bow, noble face. During exile: matted hair topknot and simple bark-cloth clothes. Queen Sita: graceful Sita, long dark hair with a flower, soft yellow and pink saree with a gold border, gentle strong face, a lotus in her hand. Laxman: young prince with golden-brown skin, hair in a topknot, simple yellow-green forest robes, a bow and quiver, alert loyal eyes. Action: Ram touches his father's feet, then walks away calmly with Sita and Laxman as citizens wave with tears. Expressions: Ram: calm and loving. Camera: wide emotional shot. Landscape 16:9, 2816x1536 px. NO text, NO captions, NO letters, NO watermark, no logo. Child-friendly: no blood, no gore, no frightening faces. Battle scenes show only calm tension, never violence. Keep each character's face, hair, clothes and colours EXACTLY the same as in scene 1 of this story (use the scene 1 image as the reference image for every later scene).
A90: 89 | B90: No | C90: R/3 — Ram · friendly-warm | D90: art/scenes/R/3.webp | E90: Use art/scenes/R/1.webp | F90: 3D animated cartoon style, like a Pixar-quality children's movie still: big expressive eyes, soft rounded shapes, warm cinematic lighting, rich saturated colours, vibrant Indian heritage setting (temples, forts, forests, palaces). Setting: a forest clearing with a stream and a wooden bridge-like cluster of rocks, soft sunlight. Characters — Ram: blue-skinned Lord Ram, calm gentle smile, golden crown, saffron-yellow dhoti, a long bow, noble face. During exile: matted hair topknot and simple bark-cloth clothes. Hanuman: mighty Hanuman with a golden-orange furry body and a monkey face, red mace (gada) on his shoulder, golden crown and earrings, red loincloth, long tail, kind devoted eyes. Action: Ram sits with Hanuman and friendly monkeys sharing fruit while Hanuman folds his hands with devotion. Expressions: Ram: kind smile; Hanuman: devoted. Camera: medium friendly shot. Landscape 16:9, 2816x1536 px. NO text, NO captions, NO letters, NO watermark, no logo. Child-friendly: no blood, no gore, no frightening faces. Battle scenes show only calm tension, never violence. Keep each character's face, hair, clothes and colours EXACTLY the same as in scene 1 of this story (use the scene 1 image as the reference image for every later scene).
A91: 90 | B91: No | C91: R/4 — Ram · heroic-calm | D91: art/scenes/R/4.webp | E91: Use art/scenes/R/1.webp | F91: 3D animated cartoon style, like a Pixar-quality children's movie still: big expressive eyes, soft rounded shapes, warm cinematic lighting, rich saturated colours, vibrant Indian heritage setting (temples, forts, forests, palaces). Setting: a long stone bridge over a bright blue ocean at sunrise with monkeys carrying stones. Characters — Ram: blue-skinned Lord Ram, calm gentle smile, golden crown, saffron-yellow dhoti, a long bow, noble face. During exile: matted hair topknot and simple bark-cloth clothes. Laxman: young prince with golden-brown skin, hair in a topknot, simple yellow-green forest robes, a bow and quiver, alert loyal eyes. Hanuman: mighty Hanuman with a golden-orange furry body and a monkey face, red mace (gada) on his shoulder, golden crown and earrings, red loincloth, long tail, kind devoted eyes. Action: Ram stands at the bridge's start looking across the sea with a calm smile while Hanuman and monkeys work together. Expressions: Ram: calm confidence. Camera: wide heroic shot. Landscape 16:9, 2816x1536 px. NO text, NO captions, NO letters, NO watermark, no logo. Child-friendly: no blood, no gore, no frightening faces. Battle scenes show only calm tension, never violence. Keep each character's face, hair, clothes and colours EXACTLY the same as in scene 1 of this story (use the scene 1 image as the reference image for every later scene).
A92: 91 | B92: No | C92: R/5 — Ram · celebration-warm | D92: art/scenes/R/5.webp | E92: Use art/scenes/R/1.webp | F92: 3D animated cartoon style, like a Pixar-quality children's movie still: big expressive eyes, soft rounded shapes, warm cinematic lighting, rich saturated colours, vibrant Indian heritage setting (temples, forts, forests, palaces). Setting: Ayodhya at night glowing with thousands of diyas and fireworks. Characters — Ram: blue-skinned Lord Ram, calm gentle smile, golden crown, saffron-yellow dhoti, a long bow, noble face. During exile: matted hair topknot and simple bark-cloth clothes. Queen Sita: graceful Sita, long dark hair with a flower, soft yellow and pink saree with a gold border, gentle strong face, a lotus in her hand. Laxman: young prince with golden-brown skin, hair in a topknot, simple yellow-green forest robes, a bow and quiver, alert loyal eyes. Hanuman: mighty Hanuman with a golden-orange furry body and a monkey face, red mace (gada) on his shoulder, golden crown and earrings, red loincloth, long tail, kind devoted eyes. Action: Ram sits on the throne with Sita, Laxman and Hanuman beside him, people bow with folded hands. Expressions: all: radiant joy. Camera: wide festive golden shot. Landscape 16:9, 2816x1536 px. NO text, NO captions, NO letters, NO watermark, no logo. Child-friendly: no blood, no gore, no frightening faces. Battle scenes show only calm tension, never violence. Keep each character's face, hair, clothes and colours EXACTLY the same as in scene 1 of this story (use the scene 1 image as the reference image for every later scene).
A93: 92 | B93: No | C93: S/1 — Shravan · humble-warm | D93: art/scenes/S/1.webp | F93: 3D animated cartoon style, like a Pixar-quality children's movie still: big expressive eyes, soft rounded shapes, warm cinematic lighting, rich saturated colours, vibrant Indian heritage setting (temples, forts, forests, palaces). Setting: a hut in a village forest with a small garden. Characters — Shravan: young humble man, simple white dhoti, a kavad (bamboo pole with two baskets) on his shoulders, gentle devoted face. Action: Shravan gently feeds his old blind mother and father, smiling warmly while they bless him. Expressions: Shravan: loving care; parents: grateful. Camera: medium shot in warm morning light. Landscape 16:9, 2816x1536 px. NO text, NO captions, NO letters, NO watermark, no logo. Child-friendly: no blood, no gore, no frightening faces. Battle scenes show only calm tension, never violence.
A94: 93 | B94: No | C94: S/2 — Shravan · hopeful-journey | D94: art/scenes/S/2.webp | E94: Use art/scenes/S/1.webp | F94: 3D animated cartoon style, like a Pixar-quality children's movie still: big expressive eyes, soft rounded shapes, warm cinematic lighting, rich saturated colours, vibrant Indian heritage setting (temples, forts, forests, palaces). Setting: a sunlit forest road with tall trees and birds. Characters — Shravan: young humble man, simple white dhoti, a kavad (bamboo pole with two baskets) on his shoulders, gentle devoted face. Action: Shravan walks with a kavad on his shoulders, an old mother and father sitting in the baskets, all smiling. Expressions: Shravan: cheerful effort; parents: peaceful. Camera: wide shot following their journey. Landscape 16:9, 2816x1536 px. NO text, NO captions, NO letters, NO watermark, no logo. Child-friendly: no blood, no gore, no frightening faces. Battle scenes show only calm tension, never violence. Keep each character's face, hair, clothes and colours EXACTLY the same as in scene 1 of this story (use the scene 1 image as the reference image for every later scene).
A95: 94 | B95: No | C95: S/3 — Shravan · tender-tired | D95: art/scenes/S/3.webp | E95: Use art/scenes/S/1.webp | F95: 3D animated cartoon style, like a Pixar-quality children's movie still: big expressive eyes, soft rounded shapes, warm cinematic lighting, rich saturated colours, vibrant Indian heritage setting (temples, forts, forests, palaces). Setting: a calm river with reeds at dusk and the parents resting under a banyan tree in the distance. Characters — Shravan: young humble man, simple white dhoti, a kavad (bamboo pole with two baskets) on his shoulders, gentle devoted face. Action: Shravan kneels at the riverbank filling a clay pot carefully, glancing back at his parents with affection. Expressions: Shravan: loving concern. Camera: medium shot at golden hour. Landscape 16:9, 2816x1536 px. NO text, NO captions, NO letters, NO watermark, no logo. Child-friendly: no blood, no gore, no frightening faces. Battle scenes show only calm tension, never violence. Keep each character's face, hair, clothes and colours EXACTLY the same as in scene 1 of this story (use the scene 1 image as the reference image for every later scene).
A96: 95 | B96: No | C96: S/4 — Shravan · sad-teaching | D96: art/scenes/S/4.webp | E96: Use art/scenes/S/1.webp | F96: 3D animated cartoon style, like a Pixar-quality children's movie still: big expressive eyes, soft rounded shapes, warm cinematic lighting, rich saturated colours, vibrant Indian heritage setting (temples, forts, forests, palaces). Setting: river bank at dusk, no blood shown, soft light. Characters — Shravan: young humble man, simple white dhoti, a kavad (bamboo pole with two baskets) on his shoulders, gentle devoted face. Action: Young Prince Dasharath kneels with folded hands beside Shravan, who lies gently and still speaks kindly, a clay pot beside them. Expressions: Dasharath: sorrow and regret; Shravan: calm and kind. Camera: soft close shot, gentle lighting. Landscape 16:9, 2816x1536 px. NO text, NO captions, NO letters, NO watermark, no logo. Child-friendly: no blood, no gore, no frightening faces. Battle scenes show only calm tension, never violence. Keep each character's face, hair, clothes and colours EXACTLY the same as in scene 1 of this story (use the scene 1 image as the reference image for every later scene).
A97: 96 | B97: No | C97: S/5 — Shravan · reflective-peaceful | D97: art/scenes/S/5.webp | E97: Use art/scenes/S/1.webp | F97: 3D animated cartoon style, like a Pixar-quality children's movie still: big expressive eyes, soft rounded shapes, warm cinematic lighting, rich saturated colours, vibrant Indian heritage setting (temples, forts, forests, palaces). Setting: a banyan tree at night, a glowing lamp and soft moonlight. Characters — Shravan: young humble man, simple white dhoti, a kavad (bamboo pole with two baskets) on his shoulders, gentle devoted face. Action: Dasharath brings the water pot to the old couple, who bless him with raised hands; a gentle star-like glow rises into the sky. Expressions: elders: sorrow and blessing; Dasharath: humble. Camera: soft moonlit medium shot. Landscape 16:9, 2816x1536 px. NO text, NO captions, NO letters, NO watermark, no logo. Child-friendly: no blood, no gore, no frightening faces. Battle scenes show only calm tension, never violence. Keep each character's face, hair, clothes and colours EXACTLY the same as in scene 1 of this story (use the scene 1 image as the reference image for every later scene).
A98: 97 | B98: No | C98: T/1 — Tapasya · sad-caring | D98: art/scenes/T/1.webp | F98: 3D animated cartoon style, like a Pixar-quality children's movie still: big expressive eyes, soft rounded shapes, warm cinematic lighting, rich saturated colours, vibrant Indian heritage setting (temples, forts, forests, palaces). Setting: a royal palace balcony at dawn overlooking a dry riverbed. Characters — Bhagirath: royal sage-king in simple saffron robes with a small gold crown set aside, lean strong body from penance, rudraksh beads, determined peaceful face, standing on one leg or sitting in meditation. Action: Bhagirath looks at the empty riverbed and then folds his hands towards the sky with a determined face. Expressions: determined, caring. Camera: medium shot at sunrise. Landscape 16:9, 2816x1536 px. NO text, NO captions, NO letters, NO watermark, no logo. Child-friendly: no blood, no gore, no frightening faces. Battle scenes show only calm tension, never violence.
A99: 98 | B99: No | C99: T/2 — Tapasya · determined-still | D99: art/scenes/T/2.webp | E99: Use art/scenes/T/1.webp | F99: 3D animated cartoon style, like a Pixar-quality children's movie still: big expressive eyes, soft rounded shapes, warm cinematic lighting, rich saturated colours, vibrant Indian heritage setting (temples, forts, forests, palaces). Setting: snowy Himalayan peaks with pine trees and a soft pink dawn. Characters — Bhagirath: royal sage-king in simple saffron robes with a small gold crown set aside, lean strong body from penance, rudraksh beads, determined peaceful face, standing on one leg or sitting in meditation. Action: Bhagirath sits in meditation with closed eyes and a glowing aura, snow around him, birds resting nearby. Expressions: serene, deeply focused. Camera: wide shot with mountains. Landscape 16:9, 2816x1536 px. NO text, NO captions, NO letters, NO watermark, no logo. Child-friendly: no blood, no gore, no frightening faces. Battle scenes show only calm tension, never violence. Keep each character's face, hair, clothes and colours EXACTLY the same as in scene 1 of this story (use the scene 1 image as the reference image for every later scene).
A100: 99 | B100: No | C100: T/3 — Tapasya · divine-gentle | D100: art/scenes/T/3.webp | E100: Use art/scenes/T/1.webp | F100: 3D animated cartoon style, like a Pixar-quality children's movie still: big expressive eyes, soft rounded shapes, warm cinematic lighting, rich saturated colours, vibrant Indian heritage setting (temples, forts, forests, palaces). Setting: a glowing cloud above the snowy peaks with golden light. Characters — Bhagirath: royal sage-king in simple saffron robes with a small gold crown set aside, lean strong body from penance, rudraksh beads, determined peaceful face, standing on one leg or sitting in meditation. Brahma: four-faced Lord Brahma with a white beard, red-gold robes, seated on a lotus, holds the Vedas, a water pot (kamandalu) and a rosary, a white swan nearby. Action: Brahma appears with raised blessing hand while Bhagirath opens his eyes and bows with folded hands. Expressions: Brahma: kind; Bhagirath: grateful and thoughtful. Camera: medium shot with divine glow. Landscape 16:9, 2816x1536 px. NO text, NO captions, NO letters, NO watermark, no logo. Child-friendly: no blood, no gore, no frightening faces. Battle scenes show only calm tension, never violence. Keep each character's face, hair, clothes and colours EXACTLY the same as in scene 1 of this story (use the scene 1 image as the reference image for every later scene).
...

Sheet Gujarati Akshar
A1: # | B1: Done? | C1: Label | D1: Save as (file name) | E1: Reference first? | F1: Prompt (copy into Google Flow / Gemini)
A2: 1 | B2: No | C2: અ — Agni (sacred fire) | D2: art/items/akshar-gu/agni.webp | F2: 3D animated cartoon style, like a Pixar-quality children's movie still: big expressive eyes, soft rounded shapes, warm cinematic lighting, rich saturated colours, vibrant Indian heritage setting (temples, forts, forests, palaces). Subject: a calm sacred fire with golden flames rising from a brass fire-pit. Setting: a simple yajna ground at dawn with flowers and a ghee pot. Composition for a single-subject picture: one clear hero subject in the centre, simple uncluttered background so a small child recognises it at a glance, joyful and welcoming mood. Landscape 16:9, 2816x1536 px. NO text, NO captions, NO letters, NO watermark, no logo. Child-friendly: no blood, no gore, no frightening faces. Battle scenes show only calm tension, never violence.
A3: 2 | B3: No | C3: આ — Aarti | D3: art/items/akshar-gu/aarti.webp | F3: 3D animated cartoon style, like a Pixar-quality children's movie still: big expressive eyes, soft rounded shapes, warm cinematic lighting, rich saturated colours, vibrant Indian heritage setting (temples, forts, forests, palaces). Subject: a hand waving a lit aarti plate with a diya, flowers and incense. Setting: a cosy home temple corner in the evening. Composition for a single-subject picture: one clear hero subject in the centre, simple uncluttered background so a small child recognises it at a glance, joyful and welcoming mood. Landscape 16:9, 2816x1536 px. NO text, NO captions, NO letters, NO watermark, no logo. Child-friendly: no blood, no gore, no frightening faces. Battle scenes show only calm tension, never violence.
A4: 3 | B4: No | C4: ઇ — King Ikshvaku | D4: art/items/akshar-gu/ikshvaku.webp | F4: 3D animated cartoon style, like a Pixar-quality children's movie still: big expressive eyes, soft rounded shapes, warm cinematic lighting, rich saturated colours, vibrant Indian heritage setting (temples, forts, forests, palaces). Subject: a kind ancient king in a golden crown with a sun symbol on his chest. Setting: a royal garden with a glowing sun rising behind a palace. Composition for a single-subject picture: one clear hero subject in the centre, simple uncluttered background so a small child recognises it at a glance, joyful and welcoming mood. Landscape 16:9, 2816x1536 px. NO text, NO captions, NO letters, NO watermark, no logo. Child-friendly: no blood, no gore, no frightening faces. Battle scenes show only calm tension, never violence.
A5: 4 | B5: No | C5: ઈ — Ishwar (God) | D5: art/items/akshar-gu/ishwar.webp | F5: 3D animated cartoon style, like a Pixar-quality children's movie still: big expressive eyes, soft rounded shapes, warm cinematic lighting, rich saturated colours, vibrant Indian heritage setting (temples, forts, forests, palaces). Subject: a child with folded hands looking up at a soft golden light with a glowing Om above. Setting: a sunrise hill with clouds and a small temple. Composition for a single-subject picture: one clear hero subject in the centre, simple uncluttered background so a small child recognises it at a glance, joyful and welcoming mood. Landscape 16:9, 2816x1536 px. NO text, NO captions, NO letters, NO watermark, no logo. Child-friendly: no blood, no gore, no frightening faces. Battle scenes show only calm tension, never violence.
A6: 5 | B6: No | C6: ઉ — Upanishad | D6: art/items/akshar-gu/upanishad.webp | F6: 3D animated cartoon style, like a Pixar-quality children's movie still: big expressive eyes, soft rounded shapes, warm cinematic lighting, rich saturated colours, vibrant Indian heritage setting (temples, forts, forests, palaces). Subject: a sage teaching two children under a banyan tree with palm-leaf books. Setting: a forest ashram with a quiet stream. Composition for a single-subject picture: one clear hero subject in the centre, simple uncluttered background so a small child recognises it at a glance, joyful and welcoming mood. Landscape 16:9, 2816x1536 px. NO text, NO captions, NO letters, NO watermark, no logo. Child-friendly: no blood, no gore, no frightening faces. Battle scenes show only calm tension, never violence.
A7: 6 | B7: No | C7: ઊ — Urmila | D7: art/items/akshar-gu/urmila.webp | F7: 3D animated cartoon style, like a Pixar-quality children's movie still: big expressive eyes, soft rounded shapes, warm cinematic lighting, rich saturated colours, vibrant Indian heritage setting (temples, forts, forests, palaces). Subject: a gentle queen in a green saree sitting by a window with a lit lamp. Setting: a palace room in Ayodhya at night with soft lamp light. Composition for a single-subject picture: one clear hero subject in the centre, simple uncluttered background so a small child recognises it at a glance, joyful and welcoming mood. Landscape 16:9, 2816x1536 px. NO text, NO captions, NO letters, NO watermark, no logo. Child-friendly: no blood, no gore, no frightening faces. Battle scenes show only calm tension, never violence.
A8: 7 | B8: No | C8: ઋ — Rishi (sage) | D8: art/items/akshar-gu/rishi.webp | F8: 3D animated cartoon style, like a Pixar-quality children's movie still: big expressive eyes, soft rounded shapes, warm cinematic lighting, rich saturated colours, vibrant Indian heritage setting (temples, forts, forests, palaces). Subject: an elderly sage with white beard sitting in meditation with a glow around him. Setting: a green forest hermitage with deer nearby. Composition for a single-subject picture: one clear hero subject in the centre, simple uncluttered background so a small child recognises it at a glance, joyful and welcoming mood. Landscape 16:9, 2816x1536 px. NO text, NO captions, NO letters, NO watermark, no logo. Child-friendly: no blood, no gore, no frightening faces. Battle scenes show only calm tension, never violence.
A9: 8 | B9: No | C9: એ — Ekadashi | D9: art/items/akshar-gu/ekadashi.webp | F9: 3D animated cartoon style, like a Pixar-quality children's movie still: big expressive eyes, soft rounded shapes, warm cinematic lighting, rich saturated colours, vibrant Indian heritage setting (temples, forts, forests, palaces). Subject: a small Vishnu idol with a tulsi leaf, a lamp and a plate of fruit. Setting: a clean puja room with morning light. Composition for a single-subject picture: one clear hero subject in the centre, simple uncluttered background so a small child recognises it at a glance, joyful and welcoming mood. Landscape 16:9, 2816x1536 px. NO text, NO captions, NO letters, NO watermark, no logo. Child-friendly: no blood, no gore, no frightening faces. Battle scenes show only calm tension, never violence.
A10: 9 | B10: No | C10: ઐ — Airavat | D10: art/items/akshar-gu/airavat.webp | F10: 3D animated cartoon style, like a Pixar-quality children's movie still: big expressive eyes, soft rounded shapes, warm cinematic lighting, rich saturated colours, vibrant Indian heritage setting (temples, forts, forests, palaces). Subject: a gentle large white elephant with four tusks and golden decorations. Setting: soft white clouds in the heavens at sunrise. Composition for a single-subject picture: one clear hero subject in the centre, simple uncluttered background so a small child recognises it at a glance, joyful and welcoming mood. Landscape 16:9, 2816x1536 px. NO text, NO captions, NO letters, NO watermark, no logo. Child-friendly: no blood, no gore, no frightening faces. Battle scenes show only calm tension, never violence.
A11: 10 | B11: No | C11: ઓ — Omkareshwar | D11: art/items/akshar-gu/omkareshwar.webp | F11: 3D animated cartoon style, like a Pixar-quality children's movie still: big expressive eyes, soft rounded shapes, warm cinematic lighting, rich saturated colours, vibrant Indian heritage setting (temples, forts, forests, palaces). Subject: an island hill shaped like Om with a temple on top. Setting: the Narmada river at sunrise with boats. Composition for a single-subject picture: one clear hero subject in the centre, simple uncluttered background so a small child recognises it at a glance, joyful and welcoming mood. Landscape 16:9, 2816x1536 px. NO text, NO captions, NO letters, NO watermark, no logo. Child-friendly: no blood, no gore, no frightening faces. Battle scenes show only calm tension, never violence.
A12: 11 | B12: No | C12: ઔ — Aushadhi (healing herbs) | D12: art/items/akshar-gu/aushadhi.webp | F12: 3D animated cartoon style, like a Pixar-quality children's movie still: big expressive eyes, soft rounded shapes, warm cinematic lighting, rich saturated colours, vibrant Indian heritage setting (temples, forts, forests, palaces). Subject: a basket of healing herbs, turmeric roots and tulsi leaves. Setting: a sunny herb garden near a hut. Composition for a single-subject picture: one clear hero subject in the centre, simple uncluttered background so a small child recognises it at a glance, joyful and welcoming mood. Landscape 16:9, 2816x1536 px. NO text, NO captions, NO letters, NO watermark, no logo. Child-friendly: no blood, no gore, no frightening faces. Battle scenes show only calm tension, never violence.
A13: 12 | B13: No | C13: અં — Mother Anjani | D13: art/items/akshar-gu/anjani.webp | F13: 3D animated cartoon style, like a Pixar-quality children's movie still: big expressive eyes, soft rounded shapes, warm cinematic lighting, rich saturated colours, vibrant Indian heritage setting (temples, forts, forests, palaces). Subject: a loving mother with a baby Hanuman in her arms. Setting: a mountain cave garden with flowers and soft sunlight. Composition for a single-subject picture: one clear hero subject in the centre, simple uncluttered background so a small child recognises it at a glance, joyful and welcoming mood. Landscape 16:9, 2816x1536 px. NO text, NO captions, NO letters, NO watermark, no logo. Child-friendly: no blood, no gore, no frightening faces. Battle scenes show only calm tension, never violence.
... A48: 47 | B48: No | C48: જ્ઞ — Knowledge | D48: art/items/akshar-gu/gyan.webp | F48: 3D animated cartoon style, like a Pixar-quality children's movie still: big expressive eyes, soft rounded shapes, warm cinematic lighting, rich saturated colours, vibrant Indian heritage setting (temples, forts, forests, palaces). Subject: an open book with a glowing lamp on top. Setting: a quiet study corner with morning sun. Composition for a single-subject picture: one clear hero subject in the centre, simple uncluttered background so a small child recognises it at a glance, joyful and welcoming mood. Landscape 16:9, 2816x1536 px. NO text, NO captions, NO letters, NO watermark, no logo. Child-friendly: no blood, no gore, no frightening faces. Battle scenes show only calm tension, never violence.

Sheet Hindi Akshar
A1: # | B1: Done? | C1: Label | D1: Save as (file name) | E1: Reference first? | F1: Prompt (copy into Google Flow / Gemini)
A2: 1 | B2: No | C2: अ — Ayodhya | D2: art/items/akshar-hi/ayodhya.webp | F2: 3D animated cartoon style, like a Pixar-quality children's movie still: big expressive eyes, soft rounded shapes, warm cinematic lighting, rich saturated colours, vibrant Indian heritage setting (temples, forts, forests, palaces). Subject: a grand golden city with temple spires and flags. Setting: the banks of the Saryu at sunrise. Composition for a single-subject picture: one clear hero subject in the centre, simple uncluttered background so a small child recognises it at a glance, joyful and welcoming mood. Landscape 16:9, 2816x1536 px. NO text, NO captions, NO letters, NO watermark, no logo. Child-friendly: no blood, no gore, no frightening faces. Battle scenes show only calm tension, never violence.
A3: 2 | B3: No | C3: आ — Adi Shankaracharya | D3: art/items/akshar-hi/adi_shankaracharya.webp | F3: 3D animated cartoon style, like a Pixar-quality children's movie still: big expressive eyes, soft rounded shapes, warm cinematic lighting, rich saturated colours, vibrant Indian heritage setting (temples, forts, forests, palaces). Subject: a serene young monk in saffron robes with a staff and rudraksh. Setting: a mountain path with a small temple. Composition for a single-subject picture: one clear hero subject in the centre, simple uncluttered background so a small child recognises it at a glance, joyful and welcoming mood. Landscape 16:9, 2816x1536 px. NO text, NO captions, NO letters, NO watermark, no logo. Child-friendly: no blood, no gore, no frightening faces. Battle scenes show only calm tension, never violence.
A4: 3 | B4: No | C4: इ — Indraprastha | D4: art/items/akshar-hi/indraprastha.webp | F4: 3D animated cartoon style, like a Pixar-quality children's movie still: big expressive eyes, soft rounded shapes, warm cinematic lighting, rich saturated colours, vibrant Indian heritage setting (temples, forts, forests, palaces). Subject: a shining palace city with arches and gardens. Setting: a river valley at sunrise. Composition for a single-subject picture: one clear hero subject in the centre, simple uncluttered background so a small child recognises it at a glance, joyful and welcoming mood. Landscape 16:9, 2816x1536 px. NO text, NO captions, NO letters, NO watermark, no logo. Child-friendly: no blood, no gore, no frightening faces. Battle scenes show only calm tension, never violence.
A5: 4 | B5: No | C5: ई — Isha Upanishad | D5: art/items/akshar-hi/ishavasya.webp | F5: 3D animated cartoon style, like a Pixar-quality children's movie still: big expressive eyes, soft rounded shapes, warm cinematic lighting, rich saturated colours, vibrant Indian heritage setting (temples, forts, forests, palaces). Subject: a sage holding a palm-leaf manuscript beside a glowing diya. Setting: a forest ashram. Composition for a single-subject picture: one clear hero subject in the centre, simple uncluttered background so a small child recognises it at a glance, joyful and welcoming mood. Landscape 16:9, 2816x1536 px. NO text, NO captions, NO letters, NO watermark, no logo. Child-friendly: no blood, no gore, no frightening faces. Battle scenes show only calm tension, never violence.
A6: 5 | B6: No | C6: उ — Ujjain | D6: art/items/akshar-hi/ujjain.webp | F6: 3D animated cartoon style, like a Pixar-quality children's movie still: big expressive eyes, soft rounded shapes, warm cinematic lighting, rich saturated colours, vibrant Indian heritage setting (temples, forts, forests, palaces). Subject: a grand Mahakal-style temple with a flag. Setting: the river bank at dusk with lamps. Composition for a single-subject picture: one clear hero subject in the centre, simple uncluttered background so a small child recognises it at a glance, joyful and welcoming mood. Landscape 16:9, 2816x1536 px. NO text, NO captions, NO letters, NO watermark, no logo. Child-friendly: no blood, no gore, no frightening faces. Battle scenes show only calm tension, never violence.
A7: 6 | B7: No | C7: ऊ — Usha (the dawn) | D7: art/items/akshar-hi/usha.webp | F7: 3D animated cartoon style, like a Pixar-quality children's movie still: big expressive eyes, soft rounded shapes, warm cinematic lighting, rich saturated colours, vibrant Indian heritage setting (temples, forts, forests, palaces). Subject: a gentle glowing lady of dawn in pink and gold sky robes. Setting: a golden sunrise over hills. Composition for a single-subject picture: one clear hero subject in the centre, simple uncluttered background so a small child recognises it at a glance, joyful and welcoming mood. Landscape 16:9, 2816x1536 px. NO text, NO captions, NO letters, NO watermark, no logo. Child-friendly: no blood, no gore, no frightening faces. Battle scenes show only calm tension, never violence.
A8: 7 | B8: No | C8: ऋ — Rigveda | D8: art/items/akshar-hi/rigveda.webp | F8: 3D animated cartoon style, like a Pixar-quality children's movie still: big expressive eyes, soft rounded shapes, warm cinematic lighting, rich saturated colours, vibrant Indian heritage setting (temples, forts, forests, palaces). Subject: an old palm-leaf manuscript on a wooden stand beside a lamp. Setting: a quiet hermitage by a stream. Composition for a single-subject picture: one clear hero subject in the centre, simple uncluttered background so a small child recognises it at a glance, joyful and welcoming mood. Landscape 16:9, 2816x1536 px. NO text, NO captions, NO letters, NO watermark, no logo. Child-friendly: no blood, no gore, no frightening faces. Battle scenes show only calm tension, never violence.
A9: 8 | B9: No | C9: ए — Sant Eknath | D9: art/items/akshar-hi/eknath.webp | F9: 3D animated cartoon style, like a Pixar-quality children's movie still: big expressive eyes, soft rounded shapes, warm cinematic lighting, rich saturated colours, vibrant Indian heritage setting (temples, forts, forests, palaces). Subject: a gentle saint in a white dhoti with a tilak and a tambura. Setting: a village by a river with a small temple. Composition for a single-subject picture: one clear hero subject in the centre, simple uncluttered background so a small child recognises it at a glance, joyful and welcoming mood. Landscape 16:9, 2816x1536 px. NO text, NO captions, NO letters, NO watermark, no logo. Child-friendly: no blood, no gore, no frightening faces. Battle scenes show only calm tension, never violence.
A10: 9 | B10: No | C10: ऐ — Prosperity | D10: art/items/akshar-hi/aishwarya.webp | F10: 3D animated cartoon style, like a Pixar-quality children's movie still: big expressive eyes, soft rounded shapes, warm cinematic lighting, rich saturated colours, vibrant Indian heritage setting (temples, forts, forests, palaces). Subject: a golden pot overflowing with coins and flowers. Setting: a decorated Diwali doorstep. Composition for a single-subject picture: one clear hero subject in the centre, simple uncluttered background so a small child recognises it at a glance, joyful and welcoming mood. Landscape 16:9, 2816x1536 px. NO text, NO captions, NO letters, NO watermark, no logo. Child-friendly: no blood, no gore, no frightening faces. Battle scenes show only calm tension, never violence.
A11: 10 | B11: No | C11: ओ — Jagannath Puri (Odisha) | D11: art/items/akshar-hi/jagannath_puri.webp | F11: 3D animated cartoon style, like a Pixar-quality children's movie still: big expressive eyes, soft rounded shapes, warm cinematic lighting, rich saturated colours, vibrant Indian heritage setting (temples, forts, forests, palaces). Subject: a colourful temple with a flag and a huge chariot. Setting: the sea shore at sunrise. Composition for a single-subject picture: one clear hero subject in the centre, simple uncluttered background so a small child recognises it at a glance, joyful and welcoming mood. Landscape 16:9, 2816x1536 px. NO text, NO captions, NO letters, NO watermark, no logo. Child-friendly: no blood, no gore, no frightening faces. Battle scenes show only calm tension, never violence.
A12: 11 | B12: No | C12: औ — Generosity | D12: art/items/akshar-hi/audarya.webp | F12: 3D animated cartoon style, like a Pixar-quality children's movie still: big expressive eyes, soft rounded shapes, warm cinematic lighting, rich saturated colours, vibrant Indian heritage setting (temples, forts, forests, palaces). Subject: a child giving a share of fruit to another child with a bright smile. Setting: a village lane at morning. Composition for a single-subject picture: one clear hero subject in the centre, simple uncluttered background so a small child recognises it at a glance, joyful and welcoming mood. Landscape 16:9, 2816x1536 px. NO text, NO captions, NO letters, NO watermark, no logo. Child-friendly: no blood, no gore, no frightening faces. Battle scenes show only calm tension, never violence.
A13: 12 | B13: No | C13: अं — Angad | D13: art/items/akshar-hi/angad.webp | F13: 3D animated cartoon style, like a Pixar-quality children's movie still: big expressive eyes, soft rounded shapes, warm cinematic lighting, rich saturated colours, vibrant Indian heritage setting (temples, forts, forests, palaces). Subject: a strong young vanara with a golden armband standing tall. Setting: a palace court with tall pillars. Composition for a single-subject picture: one clear hero subject in the centre, simple uncluttered background so a small child recognises it at a glance, joyful and welcoming mood. Landscape 16:9, 2816x1536 px. NO text, NO captions, NO letters, NO watermark, no logo. Child-friendly: no blood, no gore, no frightening faces. Battle scenes show only calm tension, never violence.
... A48: 47 | B48: No | C48: ज्ञ — Sant Dnyaneshwar | D48: art/items/akshar-hi/gyaneshwar.webp | F48: 3D animated cartoon style, like a Pixar-quality children's movie still: big expressive eyes, soft rounded shapes, warm cinematic lighting, rich saturated colours, vibrant Indian heritage setting (temples, forts, forests, palaces). Subject: a young saint with a gentle face and a palm-leaf book. Setting: a village temple garden. Composition for a single-subject picture: one clear hero subject in the centre, simple uncluttered background so a small child recognises it at a glance, joyful and welcoming mood. Landscape 16:9, 2816x1536 px. NO text, NO captions, NO letters, NO watermark, no logo. Child-friendly: no blood, no gore, no frightening faces. Battle scenes show only calm tension, never violence.

Sheet Numbers
A1: # | B1: Done? | C1: Label | D1: Save as (file name) | E1: Reference first? | F1: Prompt (copy into Google Flow / Gemini)
A2: 1 | B2: No | C2: 1 — One | D2: art/items/numbers/n1.webp | F2: 3D animated cartoon style, like a Pixar-quality children's movie still: big expressive eyes, soft rounded shapes, warm cinematic lighting, rich saturated colours, vibrant Indian heritage setting (temples, forts, forests, palaces). Subject: a single glowing diya with a big number 1 shape formed by its flame. Setting: a calm dark background with a soft golden halo. Composition for a single-subject picture: one clear hero subject in the centre, simple uncluttered background so a small child recognises it at a glance, joyful and welcoming mood. Landscape 16:9, 2816x1536 px. NO text, NO captions, NO letters, NO watermark, no logo. Child-friendly: no blood, no gore, no frightening faces. Battle scenes show only calm tension, never violence.
A3: 2 | B3: No | C3: 2 — Two | D3: art/items/numbers/n2.webp | F3: 3D animated cartoon style, like a Pixar-quality children's movie still: big expressive eyes, soft rounded shapes, warm cinematic lighting, rich saturated colours, vibrant Indian heritage setting (temples, forts, forests, palaces). Subject: two small hands folded in namaste with two flower buds. Setting: a soft pink and cream background. Composition for a single-subject picture: one clear hero subject in the centre, simple uncluttered background so a small child recognises it at a glance, joyful and welcoming mood. Landscape 16:9, 2816x1536 px. NO text, NO captions, NO letters, NO watermark, no logo. Child-friendly: no blood, no gore, no frightening faces. Battle scenes show only calm tension, never violence.
A4: 3 | B4: No | C4: 3 — Three | D4: art/items/numbers/n3.webp | F4: 3D animated cartoon style, like a Pixar-quality children's movie still: big expressive eyes, soft rounded shapes, warm cinematic lighting, rich saturated colours, vibrant Indian heritage setting (temples, forts, forests, palaces). Subject: three glowing lotuses of different colours in a row. Setting: a gentle blue-gold sky. Composition for a single-subject picture: one clear hero subject in the centre, simple uncluttered background so a small child recognises it at a glance, joyful and welcoming mood. Landscape 16:9, 2816x1536 px. NO text, NO captions, NO letters, NO watermark, no logo. Child-friendly: no blood, no gore, no frightening faces. Battle scenes show only calm tension, never violence.
A5: 4 | B5: No | C5: 4 — Four | D5: art/items/numbers/n4.webp | F5: 3D animated cartoon style, like a Pixar-quality children's movie still: big expressive eyes, soft rounded shapes, warm cinematic lighting, rich saturated colours, vibrant Indian heritage setting (temples, forts, forests, palaces). Subject: four palm-leaf books tied with threads of four colours. Setting: a warm sandalwood background. Composition for a single-subject picture: one clear hero subject in the centre, simple uncluttered background so a small child recognises it at a glance, joyful and welcoming mood. Landscape 16:9, 2816x1536 px. NO text, NO captions, NO letters, NO watermark, no logo. Child-friendly: no blood, no gore, no frightening faces. Battle scenes show only calm tension, never violence.
A6: 5 | B6: No | C6: 5 — Five | D6: art/items/numbers/n5.webp | F6: 3D animated cartoon style, like a Pixar-quality children's movie still: big expressive eyes, soft rounded shapes, warm cinematic lighting, rich saturated colours, vibrant Indian heritage setting (temples, forts, forests, palaces). Subject: five small symbols in a ring: leaf, water drop, flame, wind swirl, star. Setting: a calm earthy background. Composition for a single-subject picture: one clear hero subject in the centre, simple uncluttered background so a small child recognises it at a glance, joyful and welcoming mood. Landscape 16:9, 2816x1536 px. NO text, NO captions, NO letters, NO watermark, no logo. Child-friendly: no blood, no gore, no frightening faces. Battle scenes show only calm tension, never violence.
A7: 6 | B7: No | C7: 6 — Six | D7: art/items/numbers/n6.webp | F7: 3D animated cartoon style, like a Pixar-quality children's movie still: big expressive eyes, soft rounded shapes, warm cinematic lighting, rich saturated colours, vibrant Indian heritage setting (temples, forts, forests, palaces). Subject: six small scene medallions of flowers, sun, rain, harvest, mist and snow. Setting: a bright colourful background. Composition for a single-subject picture: one clear hero subject in the centre, simple uncluttered background so a small child recognises it at a glance, joyful and welcoming mood. Landscape 16:9, 2816x1536 px. NO text, NO captions, NO letters, NO watermark, no logo. Child-friendly: no blood, no gore, no frightening faces. Battle scenes show only calm tension, never violence.
A8: 7 | B8: No | C8: 7 — Seven | D8: art/items/numbers/n7.webp | F8: 3D animated cartoon style, like a Pixar-quality children's movie still: big expressive eyes, soft rounded shapes, warm cinematic lighting, rich saturated colours, vibrant Indian heritage setting (temples, forts, forests, palaces). Subject: seven glowing stars forming a gentle ladle shape. Setting: a deep blue night sky. Composition for a single-subject picture: one clear hero subject in the centre, simple uncluttered background so a small child recognises it at a glance, joyful and welcoming mood. Landscape 16:9, 2816x1536 px. NO text, NO captions, NO letters, NO watermark, no logo. Child-friendly: no blood, no gore, no frightening faces. Battle scenes show only calm tension, never violence.
A9: 8 | B9: No | C9: 8 — Eight | D9: art/items/numbers/n8.webp | F9: 3D animated cartoon style, like a Pixar-quality children's movie still: big expressive eyes, soft rounded shapes, warm cinematic lighting, rich saturated colours, vibrant Indian heritage setting (temples, forts, forests, palaces). Subject: an eight-petalled lotus glowing in gold. Setting: a soft golden background. Composition for a single-subject picture: one clear hero subject in the centre, simple uncluttered background so a small child recognises it at a glance, joyful and welcoming mood. Landscape 16:9, 2816x1536 px. NO text, NO captions, NO letters, NO watermark, no logo. Child-friendly: no blood, no gore, no frightening faces. Battle scenes show only calm tension, never violence.
A10: 9 | B10: No | C10: 9 — Nine | D10: art/items/numbers/n9.webp | F10: 3D animated cartoon style, like a Pixar-quality children's movie still: big expressive eyes, soft rounded shapes, warm cinematic lighting, rich saturated colours, vibrant Indian heritage setting (temples, forts, forests, palaces). Subject: nine small diyas in a circle with a garba pot (garbo) at the centre. Setting: a festive red-orange background. Composition for a single-subject picture: one clear hero subject in the centre, simple uncluttered background so a small child recognises it at a glance, joyful and welcoming mood. Landscape 16:9, 2816x1536 px. NO text, NO captions, NO letters, NO watermark, no logo. Child-friendly: no blood, no gore, no frightening faces. Battle scenes show only calm tension, never violence.
A11: 10 | B11: No | C11: 10 — Ten | D11: art/items/numbers/n10.webp | F11: 3D animated cartoon style, like a Pixar-quality children's movie still: big expressive eyes, soft rounded shapes, warm cinematic lighting, rich saturated colours, vibrant Indian heritage setting (temples, forts, forests, palaces). Subject: ten tiny lotus petals arranged like a wheel. Setting: a bright sunrise background. Composition for a single-subject picture: one clear hero subject in the centre, simple uncluttered background so a small child recognises it at a glance, joyful and welcoming mood. Landscape 16:9, 2816x1536 px. NO text, NO captions, NO letters, NO watermark, no logo. Child-friendly: no blood, no gore, no frightening faces. Battle scenes show only calm tension, never violence.
A12: 11 | B12: No | C12: 12 — Twelve | D12: art/items/numbers/n12.webp | F12: 3D animated cartoon style, like a Pixar-quality children's movie still: big expressive eyes, soft rounded shapes, warm cinematic lighting, rich saturated colours, vibrant Indian heritage setting (temples, forts, forests, palaces). Subject: twelve small glowing Shivlings arranged in a ring. Setting: a soft indigo background. Composition for a single-subject picture: one clear hero subject in the centre, simple uncluttered background so a small child recognises it at a glance, joyful and welcoming mood. Landscape 16:9, 2816x1536 px. NO text, NO captions, NO letters, NO watermark, no logo. Child-friendly: no blood, no gore, no frightening faces. Battle scenes show only calm tension, never violence.
A13: 12 | B13: No | C13: 18 — Eighteen | D13: art/items/numbers/n18.webp | F13: 3D animated cartoon style, like a Pixar-quality children's movie still: big expressive eyes, soft rounded shapes, warm cinematic lighting, rich saturated colours, vibrant Indian heritage setting (temples, forts, forests, palaces). Subject: an open Gita book with a small peacock feather on it. Setting: a warm saffron background. Composition for a single-subject picture: one clear hero subject in the centre, simple uncluttered background so a small child recognises it at a glance, joyful and welcoming mood. Landscape 16:9, 2816x1536 px. NO text, NO captions, NO letters, NO watermark, no logo. Child-friendly: no blood, no gore, no frightening faces. Battle scenes show only calm tension, never violence.
A14: 13 | B14: No | C14: 108 — One hundred eight | D14: art/items/numbers/n108.webp | F14: 3D animated cartoon style, like a Pixar-quality children's movie still: big expressive eyes, soft rounded shapes, warm cinematic lighting, rich saturated colours, vibrant Indian heritage setting (temples, forts, forests, palaces). Subject: a rudraksh japa mala forming a circle. Setting: a quiet calm background. Composition for a single-subject picture: one clear hero subject in the centre, simple uncluttered background so a small child recognises it at a glance, joyful and welcoming mood. Landscape 16:9, 2816x1536 px. NO text, NO captions, NO letters, NO watermark, no logo. Child-friendly: no blood, no gore, no frightening faces. Battle scenes show only calm tension, never violence.

Sheet Deities
A1: # | B1: Done? | C1: Label | D1: Save as (file name) | E1: Reference first? | F1: Prompt (copy into Google Flow / Gemini)
A2: 1 | B2: No | C2: Brahma · scene 1 | D2: art/items/deities/brahma/1.webp | F2: 3D animated cartoon style, like a Pixar-quality children's movie still: big expressive eyes, soft rounded shapes, warm cinematic lighting, rich saturated colours, vibrant Indian heritage setting (temples, forts, forests, palaces). Setting: a glowing golden lotus floating in a calm cosmic sky. Characters — Brahma: four-faced Lord Brahma with a white beard, red-gold robes, seated on a lotus, holds the Vedas, a water pot (kamandalu) and a rosary, a white swan nearby. Action: Brahma sits on the lotus with his four faces, hands holding a Veda book and a water pot. Expressions: serene and wise. Camera: wide dreamy shot. Landscape 16:9, 2816x1536 px. NO text, NO captions, NO letters, NO watermark, no logo. Child-friendly: no blood, no gore, no frightening faces. Battle scenes show only calm tension, never violence.
A3: 2 | B3: No | C3: Brahma · scene 2 | D3: art/items/deities/brahma/2.webp | E3: Use art/items/deities/brahma/1.webp | F3: 3D animated cartoon style, like a Pixar-quality children's movie still: big expressive eyes, soft rounded shapes, warm cinematic lighting, rich saturated colours, vibrant Indian heritage setting (temples, forts, forests, palaces). Setting: a calm lotus lake at sunrise. Characters — Brahma: four-faced Lord Brahma with a white beard, red-gold robes, seated on a lotus, holds the Vedas, a water pot (kamandalu) and a rosary, a white swan nearby. Action: Brahma rides a graceful white swan across the water. Expressions: gentle smile. Camera: medium shot. Landscape 16:9, 2816x1536 px. NO text, NO captions, NO letters, NO watermark, no logo. Child-friendly: no blood, no gore, no frightening faces. Battle scenes show only calm tension, never violence. Keep each character's face, hair, clothes and colours EXACTLY the same as in scene 1 of this story (use the scene 1 image as the reference image for every later scene).
A4: 3 | B4: No | C4: Brahma · scene 3 | D4: art/items/deities/brahma/3.webp | E4: Use art/items/deities/brahma/1.webp | F4: 3D animated cartoon style, like a Pixar-quality children's movie still: big expressive eyes, soft rounded shapes, warm cinematic lighting, rich saturated colours, vibrant Indian heritage setting (temples, forts, forests, palaces). Setting: a heavenly study hall of floating palm-leaf scrolls. Characters — Brahma: four-faced Lord Brahma with a white beard, red-gold robes, seated on a lotus, holds the Vedas, a water pot (kamandalu) and a rosary, a white swan nearby. Action: Brahma gives a glowing book to a sage child who bows. Expressions: Brahma: kind; child: eager. Camera: medium warm shot. Landscape 16:9, 2816x1536 px. NO text, NO captions, NO letters, NO watermark, no logo. Child-friendly: no blood, no gore, no frightening faces. Battle scenes show only calm tension, never violence. Keep each character's face, hair, clothes and colours EXACTLY the same as in scene 1 of this story (use the scene 1 image as the reference image for every later scene).
A5: 4 | B5: No | C5: Vishnu · scene 1 | D5: art/items/deities/vishnu/1.webp | F5: 3D animated cartoon style, like a Pixar-quality children's movie still: big expressive eyes, soft rounded shapes, warm cinematic lighting, rich saturated colours, vibrant Indian heritage setting (temples, forts, forests, palaces). Setting: a calm milky ocean with a glowing lotus. Characters — Vishnu: blue-skinned Lord Vishnu with four arms holding a conch, a discus (Sudarshan chakra), a mace and a lotus, golden crown, yellow pitambar, flower garland. Action: Vishnu rests on the serpent Sheshnag with Lakshmi massaging his feet, holding his four symbols. Expressions: peaceful, kind. Camera: wide serene shot. Landscape 16:9, 2816x1536 px. NO text, NO captions, NO letters, NO watermark, no logo. Child-friendly: no blood, no gore, no frightening faces. Battle scenes show only calm tension, never violence.
A6: 5 | B6: No | C6: Vishnu · scene 2 | D6: art/items/deities/vishnu/2.webp | E6: Use art/items/deities/vishnu/1.webp | F6: 3D animated cartoon style, like a Pixar-quality children's movie still: big expressive eyes, soft rounded shapes, warm cinematic lighting, rich saturated colours, vibrant Indian heritage setting (temples, forts, forests, palaces). Setting: the sky above green hills at sunrise. Characters — Vishnu: blue-skinned Lord Vishnu with four arms holding a conch, a discus (Sudarshan chakra), a mace and a lotus, golden crown, yellow pitambar, flower garland. Action: Vishnu rides a great golden eagle-like Garuda over hills. Expressions: focused and caring. Camera: wide aerial shot. Landscape 16:9, 2816x1536 px. NO text, NO captions, NO letters, NO watermark, no logo. Child-friendly: no blood, no gore, no frightening faces. Battle scenes show only calm tension, never violence. Keep each character's face, hair, clothes and colours EXACTLY the same as in scene 1 of this story (use the scene 1 image as the reference image for every later scene).
A7: 6 | B7: No | C7: Vishnu · scene 3 | D7: art/items/deities/vishnu/3.webp | E7: Use art/items/deities/vishnu/1.webp | F7: 3D animated cartoon style, like a Pixar-quality children's movie still: big expressive eyes, soft rounded shapes, warm cinematic lighting, rich saturated colours, vibrant Indian heritage setting (temples, forts, forests, palaces). Setting: a glowing cloud above earth. Characters — Vishnu: blue-skinned Lord Vishnu with four arms holding a conch, a discus (Sudarshan chakra), a mace and a lotus, golden crown, yellow pitambar, flower garland. Ram: blue-skinned Lord Ram, calm gentle smile, golden crown, saffron-yellow dhoti, a long bow, noble face. During exile: matted hair topknot and simple bark-cloth clothes. Krishna: blue-skinned Lord Krishna, gentle smile, large lotus-shaped eyes, golden crown with a peacock feather, yellow pitambar dhoti, flower garland, gold ornaments, a bamboo flute. As a child (age 5): same face, round cheeks, small peacock feather, butter on his cheeks. As charioteer he holds the reins of four white horses. Action: Vishnu blesses with raised hand while soft images of Ram and Krishna glow beside him. Expressions: calm. Camera: medium divine shot. Landscape 16:9, 2816x1536 px. NO text, NO captions, NO letters, NO watermark, no logo. Child-friendly: no blood, no gore, no frightening faces. Battle scenes show only calm tension, never violence. Keep each character's face, hair, clothes and colours EXACTLY the same as in scene 1 of this story (use the scene 1 image as the reference image for every later scene).
A8: 7 | B8: No | C8: Shiva (Mahadev) · scene 1 | D8: art/items/deities/shiva/1.webp | F8: 3D animated cartoon style, like a Pixar-quality children's movie still: big expressive eyes, soft rounded shapes, warm cinematic lighting, rich saturated colours, vibrant Indian heritage setting (temples, forts, forests, palaces). Setting: snowy Kailash peaks at dawn. Characters — Shiva (Mahadev): Lord Shiva (Mahadev), pale blue-grey skin, matted hair with a crescent moon and the river Ganga flowing from it, a third eye, a serpent around the neck, tiger-skin cloth, a trident (trishul) and a damaru drum, calm meditative face. Action: Shiva sits in meditation with closed eyes, a crescent moon on his head and the Ganga in his hair. Expressions: deeply peaceful. Camera: wide majestic shot. Landscape 16:9, 2816x1536 px. NO text, NO captions, NO letters, NO watermark, no logo. Child-friendly: no blood, no gore, no frightening faces. Battle scenes show only calm tension, never violence.
A9: 8 | B9: No | C9: Shiva (Mahadev) · scene 2 | D9: art/items/deities/shiva/2.webp | E9: Use art/items/deities/shiva/1.webp | F9: 3D animated cartoon style, like a Pixar-quality children's movie still: big expressive eyes, soft rounded shapes, warm cinematic lighting, rich saturated colours, vibrant Indian heritage setting (temples, forts, forests, palaces). Setting: a rocky terrace on Kailash. Characters — Shiva (Mahadev): Lord Shiva (Mahadev), pale blue-grey skin, matted hair with a crescent moon and the river Ganga flowing from it, a third eye, a serpent around the neck, tiger-skin cloth, a trident (trishul) and a damaru drum, calm meditative face. Action: Shiva plays the damru with a gentle smile while Nandi sits near. Expressions: gentle joy. Camera: medium shot. Landscape 16:9, 2816x1536 px. NO text, NO captions, NO letters, NO watermark, no logo. Child-friendly: no blood, no gore, no frightening faces. Battle scenes show only calm tension, never violence. Keep each character's face, hair, clothes and colours EXACTLY the same as in scene 1 of this story (use the scene 1 image as the reference image for every later scene).
A10: 9 | B10: No | C10: Shiva (Mahadev) · scene 3 | D10: art/items/deities/shiva/3.webp | E10: Use art/items/deities/shiva/1.webp | F10: 3D animated cartoon style, like a Pixar-quality children's movie still: big expressive eyes, soft rounded shapes, warm cinematic lighting, rich saturated colours, vibrant Indian heritage setting (temples, forts, forests, palaces). Setting: a vast ocean with gods and demons holding a serpent rope in the distance. Characters — Shiva (Mahadev): Lord Shiva (Mahadev), pale blue-grey skin, matted hair with a crescent moon and the river Ganga flowing from it, a third eye, a serpent around the neck, tiger-skin cloth, a trident (trishul) and a damaru drum, calm meditative face. Action: Shiva calmly holds a cup of dark glow near his blue throat while gods bow with thanks. Expressions: calm compassion. Camera: dramatic but gentle wide shot. Landscape 16:9, 2816x1536 px. NO text, NO captions, NO letters, NO watermark, no logo. Child-friendly: no blood, no gore, no frightening faces. Battle scenes show only calm tension, never violence. Keep each character's face, hair, clothes and colours EXACTLY the same as in scene 1 of this story (use the scene 1 image as the reference image for every later scene).
A11: 10 | B11: No | C11: Ganesh · scene 1 | D11: art/items/deities/ganesh/1.webp | F11: 3D animated cartoon style, like a Pixar-quality children's movie still: big expressive eyes, soft rounded shapes, warm cinematic lighting, rich saturated colours, vibrant Indian heritage setting (temples, forts, forests, palaces). Setting: a decorated festival pavilion with flowers. Characters — Ganesh: child-friendly Lord Ganesh, elephant head with one tusk, big kind eyes, red-and-yellow dhoti, golden crown, round belly, four arms holding a modak, an axe, a lotus and a blessing hand, a small friendly mouse nearby. Action: Ganesh sits happily on a lotus seat holding a modak and an axe-like goad. Expressions: cheerful and kind. Camera: medium shot. Landscape 16:9, 2816x1536 px. NO text, NO captions, NO letters, NO watermark, no logo. Child-friendly: no blood, no gore, no frightening faces. Battle scenes show only calm tension, never violence.
A12: 11 | B12: No | C12: Ganesh · scene 2 | D12: art/items/deities/ganesh/2.webp | E12: Use art/items/deities/ganesh/1.webp | F12: 3D animated cartoon style, like a Pixar-quality children's movie still: big expressive eyes, soft rounded shapes, warm cinematic lighting, rich saturated colours, vibrant Indian heritage setting (temples, forts, forests, palaces). Setting: a school-going child's desk with books. Characters — Ganesh: child-friendly Lord Ganesh, elephant head with one tusk, big kind eyes, red-and-yellow dhoti, golden crown, round belly, four arms holding a modak, an axe, a lotus and a blessing hand, a small friendly mouse nearby. Action: a child folds hands before a tiny Ganesh idol while a small mouse watches. Expressions: child: hopeful; Ganesh: warm. Camera: medium shot. Landscape 16:9, 2816x1536 px. NO text, NO captions, NO letters, NO watermark, no logo. Child-friendly: no blood, no gore, no frightening faces. Battle scenes show only calm tension, never violence. Keep each character's face, hair, clothes and colours EXACTLY the same as in scene 1 of this story (use the scene 1 image as the reference image for every later scene).
A13: 12 | B13: No | C13: Ganesh · scene 3 | D13: art/items/deities/ganesh/3.webp | E13: Use art/items/deities/ganesh/1.webp | F13: 3D animated cartoon style, like a Pixar-quality children's movie still: big expressive eyes, soft rounded shapes, warm cinematic lighting, rich saturated colours, vibrant Indian heritage setting (temples, forts, forests, palaces). Setting: a festive street procession with drums and flowers. Characters — Ganesh: child-friendly Lord Ganesh, elephant head with one tusk, big kind eyes, red-and-yellow dhoti, golden crown, round belly, four arms holding a modak, an axe, a lotus and a blessing hand, a small friendly mouse nearby. Action: Ganesh idol is carried joyfully by happy children and families. Expressions: all: joyful. Camera: wide festive shot. Landscape 16:9, 2816x1536 px. NO text, NO captions, NO letters, NO watermark, no logo. Child-friendly: no blood, no gore, no frightening faces. Battle scenes show only calm tension, never violence. Keep each character's face, hair, clothes and colours EXACTLY the same as in scene 1 of this story (use the scene 1 image as the reference image for every later scene).
A14: 13 | B14: No | C14: Hanuman · scene 1 | D14: art/items/deities/hanuman/1.webp | F14: 3D animated cartoon style, like a Pixar-quality children's movie still: big expressive eyes, soft rounded shapes, warm cinematic lighting, rich saturated colours, vibrant Indian heritage setting (temples, forts, forests, palaces). Setting: a sunrise sky above green hills. Characters — Hanuman: mighty Hanuman with a golden-orange furry body and a monkey face, red mace (gada) on his shoulder, golden crown and earrings, red loincloth, long tail, kind devoted eyes. Action: baby Hanuman leaps joyfully towards the golden Sun with outstretched hands. Expressions: pure curious joy. Camera: wide playful shot. Landscape 16:9, 2816x1536 px. NO text, NO captions, NO letters, NO watermark, no logo. Child-friendly: no blood, no gore, no frightening faces. Battle scenes show only calm tension, never violence.
A15: 14 | B15: No | C15: Hanuman · scene 2 | D15: art/items/deities/hanuman/2.webp | E15: Use art/items/deities/hanuman/1.webp | F15: 3D animated cartoon style, like a Pixar-quality children's movie still: big expressive eyes, soft rounded shapes, warm cinematic lighting, rich saturated colours, vibrant Indian heritage setting (temples, forts, forests, palaces). Setting: a seashore at sunrise. Characters — Hanuman: mighty Hanuman with a golden-orange furry body and a monkey face, red mace (gada) on his shoulder, golden crown and earrings, red loincloth, long tail, kind devoted eyes. Ram: blue-skinned Lord Ram, calm gentle smile, golden crown, saffron-yellow dhoti, a long bow, noble face. During exile: matted hair topknot and simple bark-cloth clothes. Action: Hanuman bows to Ram with folded hands, Ram places a hand on his head. Expressions: Hanuman: devoted; Ram: loving. Camera: medium warm shot. Landscape 16:9, 2816x1536 px. NO text, NO captions, NO letters, NO watermark, no logo. Child-friendly: no blood, no gore, no frightening faces. Battle scenes show only calm tension, never violence. Keep each character's face, hair, clothes and colours EXACTLY the same as in scene 1 of this story (use the scene 1 image as the reference image for every later scene).
A16: 15 | B16: No | C16: Hanuman · scene 3 | D16: art/items/deities/hanuman/3.webp | E16: Use art/items/deities/hanuman/1.webp | F16: 3D animated cartoon style, like a Pixar-quality children's movie still: big expressive eyes, soft rounded shapes, warm cinematic lighting, rich saturated colours, vibrant Indian heritage setting (temples, forts, forests, palaces). Setting: a village Hanuman temple at dusk. Characters — Hanuman: mighty Hanuman with a golden-orange furry body and a monkey face, red mace (gada) on his shoulder, golden crown and earrings, red loincloth, long tail, kind devoted eyes. Action: children chant with folded hands while Hanuman's statue glows softly. Expressions: calm courage. Camera: medium shot. Landscape 16:9, 2816x1536 px. NO text, NO captions, NO letters, NO watermark, no logo. Child-friendly: no blood, no gore, no frightening faces. Battle scenes show only calm tension, never violence. Keep each character's face, hair, clothes and colours EXACTLY the same as in scene 1 of this story (use the scene 1 image as the reference image for every later scene).
A17: 16 | B17: No | C17: Kartikeya (Shadanan) · scene 1 | D17: art/items/deities/kartikeya/1.webp | F17: 3D animated cartoon style, like a Pixar-quality children's movie still: big expressive eyes, soft rounded shapes, warm cinematic lighting, rich saturated colours, vibrant Indian heritage setting (temples, forts, forests, palaces). Setting: a hilltop temple at sunrise. Characters — Kartikeya (Shadanan): young Lord Kartikeya (Murugan), handsome boy-warrior, golden crown, holds a spear (vel), rides a colourful peacock. Action: Kartikeya stands holding his spear with his peacock beside him. Expressions: calm strength. Camera: wide heroic shot. Landscape 16:9, 2816x1536 px. NO text, NO captions, NO letters, NO watermark, no logo. Child-friendly: no blood, no gore, no frightening faces. Battle scenes show only calm tension, never violence.
A18: 17 | B18: No | C18: Kartikeya (Shadanan) · scene 2 | D18: art/items/deities/kartikeya/2.webp | E18: Use art/items/deities/kartikeya/1.webp | F18: 3D animated cartoon style, like a Pixar-quality children's movie still: big expressive eyes, soft rounded shapes, warm cinematic lighting, rich saturated colours, vibrant Indian heritage setting (temples, forts, forests, palaces). Setting: a mountain path in golden light. Characters — Kartikeya (Shadanan): young Lord Kartikeya (Murugan), handsome boy-warrior, golden crown, holds a spear (vel), rides a colourful peacock. Action: Kartikeya rides his peacock with his spear raised calmly. Expressions: brave, kind. Camera: medium shot. Landscape 16:9, 2816x1536 px. NO text, NO captions, NO letters, NO watermark, no logo. Child-friendly: no blood, no gore, no frightening faces. Battle scenes show only calm tension, never violence. Keep each character's face, hair, clothes and colours EXACTLY the same as in scene 1 of this story (use the scene 1 image as the reference image for every later scene).
A19: 18 | B19: No | C19: Kartikeya (Shadanan) · scene 3 | D19: art/items/deities/kartikeya/3.webp | E19: Use art/items/deities/kartikeya/1.webp | F19: 3D animated cartoon style, like a Pixar-quality children's movie still: big expressive eyes, soft rounded shapes, warm cinematic lighting, rich saturated colours, vibrant Indian heritage setting (temples, forts, forests, palaces). Setting: a festive South Indian temple courtyard. Characters — Kartikeya (Shadanan): young Lord Kartikeya (Murugan), handsome boy-warrior, golden crown, holds a spear (vel), rides a colourful peacock. Action: devotees carry decorated kavadi and bow to Kartikeya's idol. Expressions: devotees: joyful. Camera: wide festive shot. Landscape 16:9, 2816x1536 px. NO text, NO captions, NO letters, NO watermark, no logo. Child-friendly: no blood, no gore, no frightening faces. Battle scenes show only calm tension, never violence. Keep each character's face, hair, clothes and colours EXACTLY the same as in scene 1 of this story (use the scene 1 image as the reference image for every later scene).
A20: 19 | B20: No | C20: Durga · scene 1 | D20: art/items/deities/durga/1.webp | F20: 3D animated cartoon style, like a Pixar-quality children's movie still: big expressive eyes, soft rounded shapes, warm cinematic lighting, rich saturated colours, vibrant Indian heritage setting (temples, forts, forests, palaces). Setting: a decorated Navratri pavilion. Characters — Durga: Goddess Durga, kind and strong face, red saree with gold, ten arms holding weapons and a lotus, rides a gentle lion. Action: Durga stands on her lion, calm and protective, with hands raised in blessing. Expressions: calm strength. Camera: medium majestic shot. Landscape 16:9, 2816x1536 px. NO text, NO captions, NO letters, NO watermark, no logo. Child-friendly: no blood, no gore, no frightening faces. Battle scenes show only calm tension, never violence.
A21: 20 | B21: No | C21: Durga · scene 2 | D21: art/items/deities/durga/2.webp | E21: Use art/items/deities/durga/1.webp | F21: 3D animated cartoon style, like a Pixar-quality children's movie still: big expressive eyes, soft rounded shapes, warm cinematic lighting, rich saturated colours, vibrant Indian heritage setting (temples, forts, forests, palaces). Setting: a golden hall in the clouds. Characters — Durga: Goddess Durga, kind and strong face, red saree with gold, ten arms holding weapons and a lotus, rides a gentle lion. Action: Durga rides her lion; soft light overcomes a dark shadow (no violence). Expressions: fearless. Camera: wide dramatic shot. Landscape 16:9, 2816x1536 px. NO text, NO captions, NO letters, NO watermark, no logo. Child-friendly: no blood, no gore, no frightening faces. Battle scenes show only calm tension, never violence. Keep each character's face, hair, clothes and colours EXACTLY the same as in scene 1 of this story (use the scene 1 image as the reference image for every later scene).
A22: 21 | B22: No | C22: Durga · scene 3 | D22: art/items/deities/durga/3.webp | E22: Use art/items/deities/durga/1.webp | F22: 3D animated cartoon style, like a Pixar-quality children's movie still: big expressive eyes, soft rounded shapes, warm cinematic lighting, rich saturated colours, vibrant Indian heritage setting (temples, forts, forests, palaces). Setting: a village Navratri ground with lamps and garba. Characters — Durga: Goddess Durga, kind and strong face, red saree with gold, ten arms holding weapons and a lotus, rides a gentle lion. Action: children dance garba in a circle around a glowing Durga idol. Expressions: all: joyful. Camera: wide festive shot. Landscape 16:9, 2816x1536 px. NO text, NO captions, NO letters, NO watermark, no logo. Child-friendly: no blood, no gore, no frightening faces. Battle scenes show only calm tension, never violence. Keep each character's face, hair, clothes and colours EXACTLY the same as in scene 1 of this story (use the scene 1 image as the reference image for every later scene).
A23: 22 | B23: No | C23: Lakshmi · scene 1 | D23: art/items/deities/lakshmi/1.webp | F23: 3D animated cartoon style, like a Pixar-quality children's movie still: big expressive eyes, soft rounded shapes, warm cinematic lighting, rich saturated colours, vibrant Indian heritage setting (temples, forts, forests, palaces). Setting: a golden pond of lotuses. Characters — Lakshmi: Goddess Lakshmi, golden-pink skin, red and gold saree, seated on a lotus, one hand holding a lotus, gold coins falling from the other, two elephants pouring water behind her. Action: Lakshmi sits on a lotus with golden coins flowing from her hand and elephants pouring water. Expressions: gentle smile. Camera: wide golden shot. Landscape 16:9, 2816x1536 px. NO text, NO captions, NO letters, NO watermark, no logo. Child-friendly: no blood, no gore, no frightening faces. Battle scenes show only calm tension, never violence.
A24: 23 | B24: No | C24: Lakshmi · scene 2 | D24: art/items/deities/lakshmi/2.webp | E24: Use art/items/deities/lakshmi/1.webp | F24: 3D animated cartoon style, like a Pixar-quality children's movie still: big expressive eyes, soft rounded shapes, warm cinematic lighting, rich saturated colours, vibrant Indian heritage setting (temples, forts, forests, palaces). Setting: a clean decorated doorstep with rangoli. Characters — Lakshmi: Goddess Lakshmi, golden-pink skin, red and gold saree, seated on a lotus, one hand holding a lotus, gold coins falling from the other, two elephants pouring water behind her. Action: a family places diyas and welcomes Lakshmi with folded hands. Expressions: hopeful joy. Camera: medium festive shot. Landscape 16:9, 2816x1536 px. NO text, NO captions, NO letters, NO watermark, no logo. Child-friendly: no blood, no gore, no frightening faces. Battle scenes show only calm tension, never violence. Keep each character's face, hair, clothes and colours EXACTLY the same as in scene 1 of this story (use the scene 1 image as the reference image for every later scene).
A25: 24 | B25: No | C25: Lakshmi · scene 3 | D25: art/items/deities/lakshmi/3.webp | E25: Use art/items/deities/lakshmi/1.webp | F25: 3D animated cartoon style, like a Pixar-quality children's movie still: big expressive eyes, soft rounded shapes, warm cinematic lighting, rich saturated colours, vibrant Indian heritage setting (temples, forts, forests, palaces). Setting: a happy home with a lit lamp. Characters — Lakshmi: Goddess Lakshmi, golden-pink skin, red and gold saree, seated on a lotus, one hand holding a lotus, gold coins falling from the other, two elephants pouring water behind her. Action: Lakshmi blesses a child who shares sweets with neighbours. Expressions: warm. Camera: medium shot. Landscape 16:9, 2816x1536 px. NO text, NO captions, NO letters, NO watermark, no logo. Child-friendly: no blood, no gore, no frightening faces. Battle scenes show only calm tension, never violence. Keep each character's face, hair, clothes and colours EXACTLY the same as in scene 1 of this story (use the scene 1 image as the reference image for every later scene).
A26: 25 | B26: No | C26: Saraswati · scene 1 | D26: art/items/deities/saraswati/1.webp | F26: 3D animated cartoon style, like a Pixar-quality children's movie still: big expressive eyes, soft rounded shapes, warm cinematic lighting, rich saturated colours, vibrant Indian heritage setting (temples, forts, forests, palaces). Setting: a calm white lotus lake at sunrise. Characters — Saraswati: Goddess Saraswati, white saree, seated on a white lotus, holds a veena, a book and a rosary, a white swan nearby. Action: Saraswati plays the veena with a gentle smile and a swan beside her. Expressions: serene. Camera: wide serene shot. Landscape 16:9, 2816x1536 px. NO text, NO captions, NO letters, NO watermark, no logo. Child-friendly: no blood, no gore, no frightening faces. Battle scenes show only calm tension, never violence.
A27: 26 | B27: No | C27: Saraswati · scene 2 | D27: art/items/deities/saraswati/2.webp | E27: Use art/items/deities/saraswati/1.webp | F27: 3D animated cartoon style, like a Pixar-quality children's movie still: big expressive eyes, soft rounded shapes, warm cinematic lighting, rich saturated colours, vibrant Indian heritage setting (temples, forts, forests, palaces). Setting: a yellow-decorated classroom with flowers. Characters — Saraswati: Goddess Saraswati, white saree, seated on a white lotus, holds a veena, a book and a rosary, a white swan nearby. Action: children place their books and pens before Saraswati's idol and fold hands. Expressions: hopeful. Camera: medium shot. Landscape 16:9, 2816x1536 px. NO text, NO captions, NO letters, NO watermark, no logo. Child-friendly: no blood, no gore, no frightening faces. Battle scenes show only calm tension, never violence. Keep each character's face, hair, clothes and colours EXACTLY the same as in scene 1 of this story (use the scene 1 image as the reference image for every later scene).
A28: 27 | B28: No | C28: Saraswati · scene 3 | D28: art/items/deities/saraswati/3.webp | E28: Use art/items/deities/saraswati/1.webp | F28: 3D animated cartoon style, like a Pixar-quality children's movie still: big expressive eyes, soft rounded shapes, warm cinematic lighting, rich saturated colours, vibrant Indian heritage setting (temples, forts, forests, palaces). Setting: a bright garden. Characters — Saraswati: Goddess Saraswati, white saree, seated on a white lotus, holds a veena, a book and a rosary, a white swan nearby. Action: Saraswati teaches a child to play a simple tune on the veena. Expressions: warm. Camera: medium shot. Landscape 16:9, 2816x1536 px. NO text, NO captions, NO letters, NO watermark, no logo. Child-friendly: no blood, no gore, no frightening faces. Battle scenes show only calm tension, never violence. Keep each character's face, hair, clothes and colours EXACTLY the same as in scene 1 of this story (use the scene 1 image as the reference image for every later scene).
A29: 28 | B29: No | C29: Uma (Parvati) · scene 1 | D29: art/items/deities/parvati/1.webp | F29: 3D animated cartoon style, like a Pixar-quality children's movie still: big expressive eyes, soft rounded shapes, warm cinematic lighting, rich saturated colours, vibrant Indian heritage setting (temples, forts, forests, palaces). Setting: a quiet Himalayan forest. Characters — Uma (Parvati): Goddess Parvati (Uma), fair golden-brown skin, red saree with a gold border, crown and flowers, a small bindi, peaceful loving face. Action: Parvati meditates with folded hands under a tree, a soft glow around her. Expressions: determined, calm. Camera: wide serene shot. Landscape 16:9, 2816x1536 px. NO text, NO captions, NO letters, NO watermark, no logo. Child-friendly: no blood, no gore, no frightening faces. Battle scenes show only calm tension, never violence.
A30: 29 | B30: No | C30: Uma (Parvati) · scene 2 | D30: art/items/deities/parvati/2.webp | E30: Use art/items/deities/parvati/1.webp | F30: 3D animated cartoon style, like a Pixar-quality children's movie still: big expressive eyes, soft rounded shapes, warm cinematic lighting, rich saturated colours, vibrant Indian heritage setting (temples, forts, forests, palaces). Setting: a warm Kailash home. Characters — Uma (Parvati): Goddess Parvati (Uma), fair golden-brown skin, red saree with a gold border, crown and flowers, a small bindi, peaceful loving face. Ganesh: child-friendly Lord Ganesh, elephant head with one tusk, big kind eyes, red-and-yellow dhoti, golden crown, round belly, four arms holding a modak, an axe, a lotus and a blessing hand, a small friendly mouse nearby. Action: Parvati lovingly feeds little Ganesh a sweet. Expressions: loving. Camera: medium shot. Landscape 16:9, 2816x1536 px. NO text, NO captions, NO letters, NO watermark, no logo. Child-friendly: no blood, no gore, no frightening faces. Battle scenes show only calm tension, never violence. Keep each character's face, hair, clothes and colours EXACTLY the same as in scene 1 of this story (use the scene 1 image as the reference image for every later scene).
A31: 30 | B31: No | C31: Uma (Parvati) · scene 3 | D31: art/items/deities/parvati/3.webp | E31: Use art/items/deities/parvati/1.webp | F31: 3D animated cartoon style, like a Pixar-quality children's movie still: big expressive eyes, soft rounded shapes, warm cinematic lighting, rich saturated colours, vibrant Indian heritage setting (temples, forts, forests, palaces). Setting: a decorated temple at dusk. Characters — Uma (Parvati): Goddess Parvati (Uma), fair golden-brown skin, red saree with a gold border, crown and flowers, a small bindi, peaceful loving face. Action: devotees offer flowers to Parvati's idol with folded hands. Expressions: peaceful. Camera: medium shot. Landscape 16:9, 2816x1536 px. NO text, NO captions, NO letters, NO watermark, no logo. Child-friendly: no blood, no gore, no frightening faces. Battle scenes show only calm tension, never violence. Keep each character's face, hair, clothes and colours EXACTLY the same as in scene 1 of this story (use the scene 1 image as the reference image for every later scene).
A32: 31 | B32: No | C32: Queen Sita · scene 1 | D32: art/items/deities/sita/1.webp | F32: 3D animated cartoon style, like a Pixar-quality children's movie still: big expressive eyes, soft rounded shapes, warm cinematic lighting, rich saturated colours, vibrant Indian heritage setting (temples, forts, forests, palaces). Setting: a green farm field at dawn. Characters — Queen Sita: graceful Sita, long dark hair with a flower, soft yellow and pink saree with a gold border, gentle strong face, a lotus in her hand. Action: Sita smiles holding a flower, standing in a field. Expressions: gentle. Camera: medium warm shot. Landscape 16:9, 2816x1536 px. NO text, NO captions, NO letters, NO watermark, no logo. Child-friendly: no blood, no gore, no frightening faces. Battle scenes show only calm tension, never violence.
A33: 32 | B33: No | C33: Queen Sita · scene 2 | D33: art/items/deities/sita/2.webp | E33: Use art/items/deities/sita/1.webp | F33: 3D animated cartoon style, like a Pixar-quality children's movie still: big expressive eyes, soft rounded shapes, warm cinematic lighting, rich saturated colours, vibrant Indian heritage setting (temples, forts, forests, palaces). Setting: a forest hut. Characters — Queen Sita: graceful Sita, long dark hair with a flower, soft yellow and pink saree with a gold border, gentle strong face, a lotus in her hand. Ram: blue-skinned Lord Ram, calm gentle smile, golden crown, saffron-yellow dhoti, a long bow, noble face. During exile: matted hair topknot and simple bark-cloth clothes. Action: Sita and Ram sit peacefully outside their hut. Expressions: content. Camera: medium cosy shot. Landscape 16:9, 2816x1536 px. NO text, NO captions, NO letters, NO watermark, no logo. Child-friendly: no blood, no gore, no frightening faces. Battle scenes show only calm tension, never violence. Keep each character's face, hair, clothes and colours EXACTLY the same as in scene 1 of this story (use the scene 1 image as the reference image for every later scene).
A34: 33 | B34: No | C34: Queen Sita · scene 3 | D34: art/items/deities/sita/3.webp | E34: Use art/items/deities/sita/1.webp | F34: 3D animated cartoon style, like a Pixar-quality children's movie still: big expressive eyes, soft rounded shapes, warm cinematic lighting, rich saturated colours, vibrant Indian heritage setting (temples, forts, forests, palaces). Setting: a quiet garden at dusk. Characters — Queen Sita: graceful Sita, long dark hair with a flower, soft yellow and pink saree with a gold border, gentle strong face, a lotus in her hand. Action: Sita sits with folded hands and a soft glow of hope. Expressions: calm courage. Camera: medium shot. Landscape 16:9, 2816x1536 px. NO text, NO captions, NO letters, NO watermark, no logo. Child-friendly: no blood, no gore, no frightening faces. Battle scenes show only calm tension, never violence. Keep each character's face, hair, clothes and colours EXACTLY the same as in scene 1 of this story (use the scene 1 image as the reference image for every later scene).
